eventID,resourceRelationshipID,resourceID,relationshipOfResource,relatedResourceID
IYS2022-Shimada-4-1-Trawl,IYS2022-Shimada-4-1-Trawl-1-rr-001,IYS2022-Shimada-4-1-Trawl-2-1,is a subset of,IYS2022-Shimada-4-1-Trawl-1
IYS2022-Shimada-4-1-Trawl,IYS2022-Shimada-4-1-Trawl-1-rr-002,IYS2022-Shimada-4-1-Trawl-2-2,is a subset of,IYS2022-Shimada-4-1-Trawl-1
IYS2022-Shimada-4-1-Trawl,IYS2022-Shimada-4-1-Trawl-1-rr-003,IYS2022-Shimada-4-1-Trawl-2-3,is a subset of,IYS2022-Shimada-4-1-Trawl-1
IYS2022-Shimada-4-1-Trawl,IYS2022-Shimada-4-1-Trawl-1-rr-004,IYS2022-Shimada-4-1-Trawl-2-4,is a subset of,IYS2022-Shimada-4-1-Trawl-1
IYS2022-Shimada-4-1-Trawl,IYS2022-Shimada-4-1-Trawl-1-rr-005,IYS2022-Shimada-4-1-Trawl-2-5,is a subset of,IYS2022-Shimada-4-1-Trawl-1
IYS2022-Shimada-4-1-Trawl,IYS2022-Shimada-4-1-Trawl-1-rr-006,IYS2022-Shimada-4-1-Trawl-2-6,is a subset of,IYS2022-Shimada-4-1-Trawl-1
IYS2022-Shimada-4-1-Trawl,IYS2022-Shimada-4-1-Trawl-1-rr-007,IYS2022-Shimada-4-1-Trawl-2-7,is a subset of,IYS2022-Shimada-4-1-Trawl-1
IYS2022-Shimada-4-1-Trawl,IYS2022-Shimada-4-1-Trawl-2-7-rr-008,IYS2022-Shimada-4-1-Trawl-3-1,is a subset of,IYS2022-Shimada-4-1-Trawl-2-7
IYS2022-Shimada-4-3-Trawl,IYS2022-Shimada-4-1-Trawl-3-1-rr-009,IYS2022-Shimada-4-3-Trawl-2-1,is a subset of,IYS2022-Shimada-4-1-Trawl-3-1
IYS2022-Shimada-4-3-Trawl,IYS2022-Shimada-4-1-Trawl-3-1-rr-010,IYS2022-Shimada-4-3-Trawl-2-2,is a subset of,IYS2022-Shimada-4-1-Trawl-3-1
IYS2022-Shimada-4-3-Trawl,IYS2022-Shimada-4-3-Trawl-2-1-rr-011,IYS2022-Shimada-4-3-Trawl-3-1,is a subset of,IYS2022-Shimada-4-3-Trawl-2-1
IYS2022-Shimada-4-3-Trawl,IYS2022-Shimada-4-3-Trawl-2-1-rr-012,IYS2022-Shimada-4-3-Trawl-3-2,is a subset of,IYS2022-Shimada-4-3-Trawl-2-1
IYS2022-Shimada-4-3-Trawl,IYS2022-Shimada-4-3-Trawl-2-1-rr-013,IYS2022-Shimada-4-3-Trawl-3-3,is a subset of,IYS2022-Shimada-4-3-Trawl-2-1
IYS2022-Shimada-4-3-Trawl,IYS2022-Shimada-4-3-Trawl-3-2-rr-014,IYS2022-Shimada-4-3-Trawl-4-1,is a subset of,IYS2022-Shimada-4-3-Trawl-3-2
IYS2022-Shimada-4-3-Trawl,IYS2022-Shimada-4-3-Trawl-4-rr-015,IYS2022-Shimada-4-3-Trawl-5-1,is a subset of,IYS2022-Shimada-4-3-Trawl-4
IYS2022-Shimada-4-3-Trawl,IYS2022-Shimada-4-3-Trawl-4-rr-016,IYS2022-Shimada-4-3-Trawl-5-2,is a subset of,IYS2022-Shimada-4-3-Trawl-4
IYS2022-Shimada-4-3-Trawl,IYS2022-Shimada-4-3-Trawl-4-rr-017,IYS2022-Shimada-4-3-Trawl-5-3,is a subset of,IYS2022-Shimada-4-3-Trawl-4
IYS2022-Shimada-4-3-Trawl,IYS2022-Shimada-4-3-Trawl-4-rr-018,IYS2022-Shimada-4-3-Trawl-5-4,is a subset of,IYS2022-Shimada-4-3-Trawl-4
IYS2022-Shimada-4-3-Trawl,IYS2022-Shimada-4-3-Trawl-4-rr-019,IYS2022-Shimada-4-3-Trawl-5-5,is a subset of,IYS2022-Shimada-4-3-Trawl-4
IYS2022-Shimada-4-3-Trawl,IYS2022-Shimada-4-3-Trawl-4-rr-020,IYS2022-Shimada-4-3-Trawl-5-6,is a subset of,IYS2022-Shimada-4-3-Trawl-4
IYS2022-Shimada-4-3-Trawl,IYS2022-Shimada-4-3-Trawl-4-rr-021,IYS2022-Shimada-4-3-Trawl-5-7,is a subset of,IYS2022-Shimada-4-3-Trawl-4
IYS2022-Shimada-4-3-Trawl,IYS2022-Shimada-4-3-Trawl-4-rr-022,IYS2022-Shimada-4-3-Trawl-5-8,is a subset of,IYS2022-Shimada-4-3-Trawl-4
IYS2022-Shimada-4-3-Trawl,IYS2022-Shimada-4-3-Trawl-4-rr-023,IYS2022-Shimada-4-3-Trawl-5-9,is a subset of,IYS2022-Shimada-4-3-Trawl-4
IYS2022-Shimada-4-3-Trawl,IYS2022-Shimada-4-3-Trawl-4-rr-024,IYS2022-Shimada-4-3-Trawl-5-10,is a subset of,IYS2022-Shimada-4-3-Trawl-4
IYS2022-Shimada-4-3-Trawl,IYS2022-Shimada-4-3-Trawl-4-rr-025,IYS2022-Shimada-4-3-Trawl-5-11,is a subset of,IYS2022-Shimada-4-3-Trawl-4
IYS2022-Shimada-4-3-Trawl,IYS2022-Shimada-4-3-Trawl-4-rr-026,IYS2022-Shimada-4-3-Trawl-5-12,is a subset of,IYS2022-Shimada-4-3-Trawl-4
IYS2022-Shimada-4-10-Trawl,IYS2022-Shimada-4-3-Trawl-5-11-rr-027,IYS2022-Shimada-4-10-Trawl-2-1,is a subset of,IYS2022-Shimada-4-3-Trawl-5-11
IYS2022-Shimada-4-10-Trawl,IYS2022-Shimada-4-3-Trawl-5-11-rr-028,IYS2022-Shimada-4-10-Trawl-2-2,is a subset of,IYS2022-Shimada-4-3-Trawl-5-11
IYS2022-Shimada-4-10-Trawl,IYS2022-Shimada-4-3-Trawl-5-11-rr-029,IYS2022-Shimada-4-10-Trawl-2-3,is a subset of,IYS2022-Shimada-4-3-Trawl-5-11
IYS2022-Shimada-4-11-Trawl,IYS2022-Shimada-4-10-Trawl-2-1-rr-030,IYS2022-Shimada-4-11-Trawl-1-1,is a subset of,IYS2022-Shimada-4-10-Trawl-2-1
IYS2022-Shimada-4-11-Trawl,IYS2022-Shimada-4-10-Trawl-2-3-rr-031,IYS2022-Shimada-4-11-Trawl-2-1,is a subset of,IYS2022-Shimada-4-10-Trawl-2-3
IYS2022-Shimada-4-11-Trawl,IYS2022-Shimada-4-10-Trawl-2-3-rr-032,IYS2022-Shimada-4-11-Trawl-2-2,is a subset of,IYS2022-Shimada-4-10-Trawl-2-3
IYS2022-Shimada-4-11-Trawl,IYS2022-Shimada-4-10-Trawl-2-3-rr-033,IYS2022-Shimada-4-11-Trawl-2-3,is a subset of,IYS2022-Shimada-4-10-Trawl-2-3
IYS2022-Shimada-4-11-Trawl,IYS2022-Shimada-4-11-Trawl-2-1-rr-034,IYS2022-Shimada-4-11-Trawl-3-1,is a subset of,IYS2022-Shimada-4-11-Trawl-2-1
IYS2022-Shimada-4-11-Trawl,IYS2022-Shimada-4-11-Trawl-2-1-rr-035,IYS2022-Shimada-4-11-Trawl-3-2,is a subset of,IYS2022-Shimada-4-11-Trawl-2-1
IYS2022-Shimada-4-11-Trawl,IYS2022-Shimada-4-11-Trawl-2-1-rr-036,IYS2022-Shimada-4-11-Trawl-3-3,is a subset of,IYS2022-Shimada-4-11-Trawl-2-1
IYS2022-Shimada-4-11-Trawl,IYS2022-Shimada-4-11-Trawl-3-1-rr-037,IYS2022-Shimada-4-11-Trawl-4-1,is a subset of,IYS2022-Shimada-4-11-Trawl-3-1
IYS2022-Shimada-4-11-Trawl,IYS2022-Shimada-4-11-Trawl-3-3-rr-038,IYS2022-Shimada-4-11-Trawl-5-1,is a subset of,IYS2022-Shimada-4-11-Trawl-3-3
IYS2022-Shimada-4-11-Trawl,IYS2022-Shimada-4-11-Trawl-3-3-rr-039,IYS2022-Shimada-4-11-Trawl-5-2,is a subset of,IYS2022-Shimada-4-11-Trawl-3-3
IYS2022-Shimada-4-11-Trawl,IYS2022-Shimada-4-11-Trawl-3-3-rr-040,IYS2022-Shimada-4-11-Trawl-5-3,is a subset of,IYS2022-Shimada-4-11-Trawl-3-3
IYS2022-Shimada-4-11-Trawl,IYS2022-Shimada-4-11-Trawl-3-3-rr-041,IYS2022-Shimada-4-11-Trawl-5-4,is a subset of,IYS2022-Shimada-4-11-Trawl-3-3
IYS2022-Shimada-4-11-Trawl,IYS2022-Shimada-4-11-Trawl-3-3-rr-042,IYS2022-Shimada-4-11-Trawl-5-5,is a subset of,IYS2022-Shimada-4-11-Trawl-3-3
IYS2022-Shimada-4-11-Trawl,IYS2022-Shimada-4-11-Trawl-3-3-rr-043,IYS2022-Shimada-4-11-Trawl-5-6,is a subset of,IYS2022-Shimada-4-11-Trawl-3-3
IYS2022-Shimada-4-11-Trawl,IYS2022-Shimada-4-11-Trawl-3-3-rr-044,IYS2022-Shimada-4-11-Trawl-5-7,is a subset of,IYS2022-Shimada-4-11-Trawl-3-3
IYS2022-Shimada-4-11-Trawl,IYS2022-Shimada-4-11-Trawl-3-3-rr-045,IYS2022-Shimada-4-11-Trawl-5-8,is a subset of,IYS2022-Shimada-4-11-Trawl-3-3
IYS2022-Shimada-4-12-Trawl,IYS2022-Shimada-4-11-Trawl-5-6-rr-046,IYS2022-Shimada-4-12-Trawl-1-1,is a subset of,IYS2022-Shimada-4-11-Trawl-5-6
IYS2022-Shimada-4-12-Trawl,IYS2022-Shimada-4-11-Trawl-5-8-rr-047,IYS2022-Shimada-4-12-Trawl-4-1,is a subset of,IYS2022-Shimada-4-11-Trawl-5-8
IYS2022-Shimada-4-12-Trawl,IYS2022-Shimada-4-11-Trawl-5-8-rr-048,IYS2022-Shimada-4-12-Trawl-4-2,is a subset of,IYS2022-Shimada-4-11-Trawl-5-8
IYS2022-Shimada-4-12-Trawl,IYS2022-Shimada-4-11-Trawl-5-8-rr-049,IYS2022-Shimada-4-12-Trawl-4-3,is a subset of,IYS2022-Shimada-4-11-Trawl-5-8
IYS2022-Shimada-4-12-Trawl,IYS2022-Shimada-4-11-Trawl-5-8-rr-050,IYS2022-Shimada-4-12-Trawl-4-4,is a subset of,IYS2022-Shimada-4-11-Trawl-5-8
IYS2022-Shimada-4-12-Trawl,IYS2022-Shimada-4-11-Trawl-5-8-rr-051,IYS2022-Shimada-4-12-Trawl-4-5,is a subset of,IYS2022-Shimada-4-11-Trawl-5-8
IYS2022-Shimada-4-12-Trawl,IYS2022-Shimada-4-11-Trawl-5-8-rr-052,IYS2022-Shimada-4-12-Trawl-4-6,is a subset of,IYS2022-Shimada-4-11-Trawl-5-8
IYS2022-Shimada-4-12-Trawl,IYS2022-Shimada-4-11-Trawl-5-8-rr-053,IYS2022-Shimada-4-12-Trawl-4-7,is a subset of,IYS2022-Shimada-4-11-Trawl-5-8
IYS2022-Shimada-4-12-Trawl,IYS2022-Shimada-4-11-Trawl-5-8-rr-054,IYS2022-Shimada-4-12-Trawl-4-8,is a subset of,IYS2022-Shimada-4-11-Trawl-5-8
IYS2022-Shimada-4-12-Trawl,IYS2022-Shimada-4-11-Trawl-5-8-rr-055,IYS2022-Shimada-4-12-Trawl-4-9,is a subset of,IYS2022-Shimada-4-11-Trawl-5-8
IYS2022-Shimada-4-12-Trawl,IYS2022-Shimada-4-11-Trawl-5-8-rr-056,IYS2022-Shimada-4-12-Trawl-4-10,is a subset of,IYS2022-Shimada-4-11-Trawl-5-8
IYS2022-Shimada-4-12-Trawl,IYS2022-Shimada-4-12-Trawl-4-5-rr-057,IYS2022-Shimada-4-12-Trawl-5-1,is a subset of,IYS2022-Shimada-4-12-Trawl-4-5
IYS2022-Shimada-4-12-Trawl,IYS2022-Shimada-4-12-Trawl-4-7-rr-058,IYS2022-Shimada-4-12-Trawl-7-1,is a subset of,IYS2022-Shimada-4-12-Trawl-4-7
IYS2022-Shimada-4-12-Trawl,IYS2022-Shimada-4-12-Trawl-4-7-rr-059,IYS2022-Shimada-4-12-Trawl-7-2,is a subset of,IYS2022-Shimada-4-12-Trawl-4-7
IYS2022-Shimada-4-12-Trawl,IYS2022-Shimada-4-12-Trawl-4-7-rr-060,IYS2022-Shimada-4-12-Trawl-7-3,is a subset of,IYS2022-Shimada-4-12-Trawl-4-7
IYS2022-Shimada-4-12-Trawl,IYS2022-Shimada-4-12-Trawl-4-7-rr-061,IYS2022-Shimada-4-12-Trawl-7-4,is a subset of,IYS2022-Shimada-4-12-Trawl-4-7
IYS2022-Shimada-4-12-Trawl,IYS2022-Shimada-4-12-Trawl-4-7-rr-062,IYS2022-Shimada-4-12-Trawl-7-5,is a subset of,IYS2022-Shimada-4-12-Trawl-4-7
IYS2022-Shimada-4-12-Trawl,IYS2022-Shimada-4-12-Trawl-6-rr-063,IYS2022-Shimada-4-12-Trawl-8-1,is a subset of,IYS2022-Shimada-4-12-Trawl-6
IYS2022-Shimada-4-12-Trawl,IYS2022-Shimada-4-12-Trawl-7-1-rr-064,IYS2022-Shimada-4-12-Trawl-11-1,is a subset of,IYS2022-Shimada-4-12-Trawl-7-1
IYS2022-Shimada-4-12-Trawl,IYS2022-Shimada-4-12-Trawl-7-1-rr-065,IYS2022-Shimada-4-12-Trawl-11-2,is a subset of,IYS2022-Shimada-4-12-Trawl-7-1
IYS2022-Shimada-4-13-Trawl,IYS2022-Shimada-4-12-Trawl-7-4-rr-066,IYS2022-Shimada-4-13-Trawl-2-1,is a subset of,IYS2022-Shimada-4-12-Trawl-7-4
IYS2022-Shimada-4-13-Trawl,IYS2022-Shimada-4-12-Trawl-7-4-rr-067,IYS2022-Shimada-4-13-Trawl-2-2,is a subset of,IYS2022-Shimada-4-12-Trawl-7-4
IYS2022-Shimada-4-13-Trawl,IYS2022-Shimada-4-12-Trawl-7-4-rr-068,IYS2022-Shimada-4-13-Trawl-2-3,is a subset of,IYS2022-Shimada-4-12-Trawl-7-4
IYS2022-Shimada-4-13-Trawl,IYS2022-Shimada-4-12-Trawl-7-4-rr-069,IYS2022-Shimada-4-13-Trawl-2-4,is a subset of,IYS2022-Shimada-4-12-Trawl-7-4
IYS2022-Shimada-4-13-Trawl,IYS2022-Shimada-4-12-Trawl-10-rr-070,IYS2022-Shimada-4-13-Trawl-4-1,is a subset of,IYS2022-Shimada-4-12-Trawl-10
IYS2022-Shimada-4-13-Trawl,IYS2022-Shimada-4-12-Trawl-11-1-rr-071,IYS2022-Shimada-4-13-Trawl-6-1,is a subset of,IYS2022-Shimada-4-12-Trawl-11-1
IYS2022-Shimada-4-13-Trawl,IYS2022-Shimada-4-12-Trawl-11-1-rr-072,IYS2022-Shimada-4-13-Trawl-6-2,is a subset of,IYS2022-Shimada-4-12-Trawl-11-1
IYS2022-Shimada-4-14-Trawl,IYS2022-Shimada-4-13-Trawl-2-rr-073,IYS2022-Shimada-4-14-Trawl-1-1,is a subset of,IYS2022-Shimada-4-13-Trawl-2
IYS2022-Shimada-4-14-Trawl,IYS2022-Shimada-4-13-Trawl-2-2-rr-074,IYS2022-Shimada-4-14-Trawl-2-1,is a subset of,IYS2022-Shimada-4-13-Trawl-2-2
IYS2022-Shimada-4-14-Trawl,IYS2022-Shimada-4-13-Trawl-2-4-rr-075,IYS2022-Shimada-4-14-Trawl-3-1,is a subset of,IYS2022-Shimada-4-13-Trawl-2-4
IYS2022-Shimada-4-14-Trawl,IYS2022-Shimada-4-13-Trawl-2-4-rr-076,IYS2022-Shimada-4-14-Trawl-3-1,is a subset of,IYS2022-Shimada-4-13-Trawl-2-4
IYS2022-Shimada-4-14-Trawl,IYS2022-Shimada-4-13-Trawl-2-4-rr-077,IYS2022-Shimada-4-14-Trawl-3-2,is a subset of,IYS2022-Shimada-4-13-Trawl-2-4
IYS2022-Shimada-4-14-Trawl,IYS2022-Shimada-4-13-Trawl-2-4-rr-078,IYS2022-Shimada-4-14-Trawl-3-2,is a subset of,IYS2022-Shimada-4-13-Trawl-2-4
IYS2022-Shimada-4-14-Trawl,IYS2022-Shimada-4-13-Trawl-6-rr-079,IYS2022-Shimada-4-14-Trawl-4-1,is a subset of,IYS2022-Shimada-4-13-Trawl-6
IYS2022-Shimada-4-14-Trawl,IYS2022-Shimada-4-13-Trawl-6-2-rr-080,IYS2022-Shimada-4-14-Trawl-5-1,is a subset of,IYS2022-Shimada-4-13-Trawl-6-2
IYS2022-Shimada-4-14-Trawl,IYS2022-Shimada-4-13-Trawl-6-2-rr-081,IYS2022-Shimada-4-14-Trawl-5-2,is a subset of,IYS2022-Shimada-4-13-Trawl-6-2
IYS2022-Shimada-4-14-Trawl,IYS2022-Shimada-4-13-Trawl-6-2-rr-082,IYS2022-Shimada-4-14-Trawl-5-3,is a subset of,IYS2022-Shimada-4-13-Trawl-6-2
IYS2022-Shimada-4-14-Trawl,IYS2022-Shimada-4-13-Trawl-6-2-rr-083,IYS2022-Shimada-4-14-Trawl-5-4,is a subset of,IYS2022-Shimada-4-13-Trawl-6-2
IYS2022-Shimada-4-14-Trawl,IYS2022-Shimada-4-13-Trawl-6-2-rr-084,IYS2022-Shimada-4-14-Trawl-5-5,is a subset of,IYS2022-Shimada-4-13-Trawl-6-2
IYS2022-Shimada-4-14-Trawl,IYS2022-Shimada-4-13-Trawl-6-2-rr-085,IYS2022-Shimada-4-14-Trawl-5-6,is a subset of,IYS2022-Shimada-4-13-Trawl-6-2
IYS2022-Shimada-4-14-Trawl,IYS2022-Shimada-4-13-Trawl-6-2-rr-086,IYS2022-Shimada-4-14-Trawl-5-7,is a subset of,IYS2022-Shimada-4-13-Trawl-6-2
IYS2022-Shimada-4-14-Trawl,IYS2022-Shimada-4-13-Trawl-6-2-rr-087,IYS2022-Shimada-4-14-Trawl-5-8,is a subset of,IYS2022-Shimada-4-13-Trawl-6-2
IYS2022-Shimada-4-14-Trawl,IYS2022-Shimada-4-13-Trawl-6-2-rr-088,IYS2022-Shimada-4-14-Trawl-5-9,is a subset of,IYS2022-Shimada-4-13-Trawl-6-2
IYS2022-Shimada-4-14-Trawl,IYS2022-Shimada-4-14-Trawl-4-rr-089,IYS2022-Shimada-4-14-Trawl-6-1,is a subset of,IYS2022-Shimada-4-14-Trawl-4
IYS2022-Shimada-4-14-Trawl,IYS2022-Shimada-4-14-Trawl-5-rr-090,IYS2022-Shimada-4-14-Trawl-8-1,is a subset of,IYS2022-Shimada-4-14-Trawl-5
IYS2022-Shimada-4-15-Trawl,IYS2022-Shimada-4-14-Trawl-5-2-rr-091,IYS2022-Shimada-4-15-Trawl-1-1,is a subset of,IYS2022-Shimada-4-14-Trawl-5-2
IYS2022-Shimada-4-15-Trawl,IYS2022-Shimada-4-14-Trawl-5-2-rr-092,IYS2022-Shimada-4-15-Trawl-1-2,is a subset of,IYS2022-Shimada-4-14-Trawl-5-2
IYS2022-Shimada-4-15-Trawl,IYS2022-Shimada-4-14-Trawl-5-2-rr-093,IYS2022-Shimada-4-15-Trawl-1-3,is a subset of,IYS2022-Shimada-4-14-Trawl-5-2
IYS2022-Shimada-4-15-Trawl,IYS2022-Shimada-4-14-Trawl-5-6-rr-094,IYS2022-Shimada-4-15-Trawl-2-1,is a subset of,IYS2022-Shimada-4-14-Trawl-5-6
IYS2022-Shimada-4-15-Trawl,IYS2022-Shimada-4-14-Trawl-5-6-rr-095,IYS2022-Shimada-4-15-Trawl-2-2,is a subset of,IYS2022-Shimada-4-14-Trawl-5-6
IYS2022-Shimada-4-15-Trawl,IYS2022-Shimada-4-14-Trawl-5-6-rr-096,IYS2022-Shimada-4-15-Trawl-2-3,is a subset of,IYS2022-Shimada-4-14-Trawl-5-6
IYS2022-Shimada-4-15-Trawl,IYS2022-Shimada-4-14-Trawl-5-6-rr-097,IYS2022-Shimada-4-15-Trawl-2-4,is a subset of,IYS2022-Shimada-4-14-Trawl-5-6
IYS2022-Shimada-4-15-Trawl,IYS2022-Shimada-4-14-Trawl-6-1-rr-098,IYS2022-Shimada-4-15-Trawl-3-1,is a subset of,IYS2022-Shimada-4-14-Trawl-6-1
IYS2022-Shimada-4-15-Trawl,IYS2022-Shimada-4-14-Trawl-6-1-rr-099,IYS2022-Shimada-4-15-Trawl-3-1,is a subset of,IYS2022-Shimada-4-14-Trawl-6-1
IYS2022-Shimada-4-15-Trawl,IYS2022-Shimada-4-14-Trawl-8-1-rr-100,IYS2022-Shimada-4-15-Trawl-4-1,is a subset of,IYS2022-Shimada-4-14-Trawl-8-1
IYS2022-Shimada-4-15-Trawl,IYS2022-Shimada-4-15-Trawl-1-1-rr-101,IYS2022-Shimada-4-15-Trawl-5-1,is a subset of,IYS2022-Shimada-4-15-Trawl-1-1
IYS2022-Shimada-4-15-Trawl,IYS2022-Shimada-4-15-Trawl-1-1-rr-102,IYS2022-Shimada-4-15-Trawl-5-2,is a subset of,IYS2022-Shimada-4-15-Trawl-1-1
IYS2022-Shimada-4-15-Trawl,IYS2022-Shimada-4-15-Trawl-1-1-rr-103,IYS2022-Shimada-4-15-Trawl-5-3,is a subset of,IYS2022-Shimada-4-15-Trawl-1-1
IYS2022-Shimada-4-15-Trawl,IYS2022-Shimada-4-15-Trawl-1-1-rr-104,IYS2022-Shimada-4-15-Trawl-5-4,is a subset of,IYS2022-Shimada-4-15-Trawl-1-1
IYS2022-Shimada-4-15-Trawl,IYS2022-Shimada-4-15-Trawl-1-1-rr-105,IYS2022-Shimada-4-15-Trawl-5-5,is a subset of,IYS2022-Shimada-4-15-Trawl-1-1
IYS2022-Shimada-4-15-Trawl,IYS2022-Shimada-4-15-Trawl-2-3-rr-106,IYS2022-Shimada-4-15-Trawl-7-1,is a subset of,IYS2022-Shimada-4-15-Trawl-2-3
IYS2022-Shimada-4-15-Trawl,IYS2022-Shimada-4-15-Trawl-2-3-rr-107,IYS2022-Shimada-4-15-Trawl-7-2,is a subset of,IYS2022-Shimada-4-15-Trawl-2-3
IYS2022-Shimada-4-15-Trawl,IYS2022-Shimada-4-15-Trawl-2-3-rr-108,IYS2022-Shimada-4-15-Trawl-7-3,is a subset of,IYS2022-Shimada-4-15-Trawl-2-3
IYS2022-Shimada-4-15-Trawl,IYS2022-Shimada-4-15-Trawl-2-3-rr-109,IYS2022-Shimada-4-15-Trawl-7-4,is a subset of,IYS2022-Shimada-4-15-Trawl-2-3
IYS2022-Shimada-4-15-Trawl,IYS2022-Shimada-4-15-Trawl-2-3-rr-110,IYS2022-Shimada-4-15-Trawl-7-5,is a subset of,IYS2022-Shimada-4-15-Trawl-2-3
IYS2022-Shimada-4-15-Trawl,IYS2022-Shimada-4-15-Trawl-2-3-rr-111,IYS2022-Shimada-4-15-Trawl-7-6,is a subset of,IYS2022-Shimada-4-15-Trawl-2-3
IYS2022-Shimada-4-15-Trawl,IYS2022-Shimada-4-15-Trawl-2-3-rr-112,IYS2022-Shimada-4-15-Trawl-7-7,is a subset of,IYS2022-Shimada-4-15-Trawl-2-3
IYS2022-Shimada-4-15-Trawl,IYS2022-Shimada-4-15-Trawl-2-3-rr-113,IYS2022-Shimada-4-15-Trawl-7-8,is a subset of,IYS2022-Shimada-4-15-Trawl-2-3
IYS2022-Shimada-4-15-Trawl,IYS2022-Shimada-4-15-Trawl-2-3-rr-114,IYS2022-Shimada-4-15-Trawl-7-9,is a subset of,IYS2022-Shimada-4-15-Trawl-2-3
IYS2022-Shimada-4-15-Trawl,IYS2022-Shimada-4-15-Trawl-2-3-rr-115,IYS2022-Shimada-4-15-Trawl-7-10,is a subset of,IYS2022-Shimada-4-15-Trawl-2-3
IYS2022-Shimada-4-15-Trawl,IYS2022-Shimada-4-15-Trawl-2-3-rr-116,IYS2022-Shimada-4-15-Trawl-7-11,is a subset of,IYS2022-Shimada-4-15-Trawl-2-3
IYS2022-Shimada-4-15-Trawl,IYS2022-Shimada-4-15-Trawl-2-3-rr-117,IYS2022-Shimada-4-15-Trawl-7-12,is a subset of,IYS2022-Shimada-4-15-Trawl-2-3
IYS2022-Shimada-4-15-Trawl,IYS2022-Shimada-4-15-Trawl-2-3-rr-118,IYS2022-Shimada-4-15-Trawl-7-13,is a subset of,IYS2022-Shimada-4-15-Trawl-2-3
IYS2022-Shimada-4-15-Trawl,IYS2022-Shimada-4-15-Trawl-2-3-rr-119,IYS2022-Shimada-4-15-Trawl-7-14,is a subset of,IYS2022-Shimada-4-15-Trawl-2-3
IYS2022-Shimada-4-15-Trawl,IYS2022-Shimada-4-15-Trawl-2-3-rr-120,IYS2022-Shimada-4-15-Trawl-7-15,is a subset of,IYS2022-Shimada-4-15-Trawl-2-3
IYS2022-Shimada-4-15-Trawl,IYS2022-Shimada-4-15-Trawl-2-3-rr-121,IYS2022-Shimada-4-15-Trawl-7-16,is a subset of,IYS2022-Shimada-4-15-Trawl-2-3
IYS2022-Shimada-4-15-Trawl,IYS2022-Shimada-4-15-Trawl-2-3-rr-122,IYS2022-Shimada-4-15-Trawl-7-17,is a subset of,IYS2022-Shimada-4-15-Trawl-2-3
IYS2022-Shimada-4-15-Trawl,IYS2022-Shimada-4-15-Trawl-2-3-rr-123,IYS2022-Shimada-4-15-Trawl-7-18,is a subset of,IYS2022-Shimada-4-15-Trawl-2-3
IYS2022-Shimada-4-15-Trawl,IYS2022-Shimada-4-15-Trawl-2-3-rr-124,IYS2022-Shimada-4-15-Trawl-7-19,is a subset of,IYS2022-Shimada-4-15-Trawl-2-3
IYS2022-Shimada-4-15-Trawl,IYS2022-Shimada-4-15-Trawl-2-3-rr-125,IYS2022-Shimada-4-15-Trawl-7-20,is a subset of,IYS2022-Shimada-4-15-Trawl-2-3
IYS2022-Shimada-4-15-Trawl,IYS2022-Shimada-4-15-Trawl-7-7-rr-126,IYS2022-Shimada-4-15-Trawl-10-1,is a subset of,IYS2022-Shimada-4-15-Trawl-7-7
IYS2022-Shimada-4-15-Trawl,IYS2022-Shimada-4-15-Trawl-7-7-rr-127,IYS2022-Shimada-4-15-Trawl-10-2,is a subset of,IYS2022-Shimada-4-15-Trawl-7-7
IYS2022-Shimada-4-15-Trawl,IYS2022-Shimada-4-15-Trawl-7-7-rr-128,IYS2022-Shimada-4-15-Trawl-10-3,is a subset of,IYS2022-Shimada-4-15-Trawl-7-7
IYS2022-Shimada-4-16-Trawl,IYS2022-Shimada-4-15-Trawl-7-11-rr-129,IYS2022-Shimada-4-16-Trawl-1-1,is a subset of,IYS2022-Shimada-4-15-Trawl-7-11
IYS2022-Shimada-4-16-Trawl,IYS2022-Shimada-4-15-Trawl-7-11-rr-130,IYS2022-Shimada-4-16-Trawl-1-2,is a subset of,IYS2022-Shimada-4-15-Trawl-7-11
IYS2022-Shimada-4-16-Trawl,IYS2022-Shimada-4-15-Trawl-7-11-rr-131,IYS2022-Shimada-4-16-Trawl-1-3,is a subset of,IYS2022-Shimada-4-15-Trawl-7-11
IYS2022-Shimada-4-16-Trawl,IYS2022-Shimada-4-15-Trawl-7-11-rr-132,IYS2022-Shimada-4-16-Trawl-1-4,is a subset of,IYS2022-Shimada-4-15-Trawl-7-11
IYS2022-Shimada-4-16-Trawl,IYS2022-Shimada-4-15-Trawl-7-11-rr-133,IYS2022-Shimada-4-16-Trawl-1-5,is a subset of,IYS2022-Shimada-4-15-Trawl-7-11
IYS2022-Shimada-4-16-Trawl,IYS2022-Shimada-4-15-Trawl-7-17-rr-134,IYS2022-Shimada-4-16-Trawl-2-1,is a subset of,IYS2022-Shimada-4-15-Trawl-7-17
IYS2022-Shimada-4-16-Trawl,IYS2022-Shimada-4-15-Trawl-7-17-rr-135,IYS2022-Shimada-4-16-Trawl-2-2,is a subset of,IYS2022-Shimada-4-15-Trawl-7-17
IYS2022-Shimada-4-16-Trawl,IYS2022-Shimada-4-15-Trawl-7-20-rr-136,IYS2022-Shimada-4-16-Trawl-3-1,is a subset of,IYS2022-Shimada-4-15-Trawl-7-20
IYS2022-Shimada-4-16-Trawl,IYS2022-Shimada-4-15-Trawl-9-rr-137,IYS2022-Shimada-4-16-Trawl-4-1,is a subset of,IYS2022-Shimada-4-15-Trawl-9
IYS2022-Shimada-4-16-Trawl,IYS2022-Shimada-4-15-Trawl-9-rr-138,IYS2022-Shimada-4-16-Trawl-4-2,is a subset of,IYS2022-Shimada-4-15-Trawl-9
IYS2022-Shimada-4-16-Trawl,IYS2022-Shimada-4-15-Trawl-9-rr-139,IYS2022-Shimada-4-16-Trawl-4-3,is a subset of,IYS2022-Shimada-4-15-Trawl-9
IYS2022-Shimada-4-16-Trawl,IYS2022-Shimada-4-15-Trawl-9-rr-140,IYS2022-Shimada-4-16-Trawl-4-4,is a subset of,IYS2022-Shimada-4-15-Trawl-9
IYS2022-Shimada-4-16-Trawl,IYS2022-Shimada-4-15-Trawl-9-rr-141,IYS2022-Shimada-4-16-Trawl-4-5,is a subset of,IYS2022-Shimada-4-15-Trawl-9
IYS2022-Shimada-4-16-Trawl,IYS2022-Shimada-4-15-Trawl-9-rr-142,IYS2022-Shimada-4-16-Trawl-4-6,is a subset of,IYS2022-Shimada-4-15-Trawl-9
IYS2022-Shimada-4-16-Trawl,IYS2022-Shimada-4-15-Trawl-9-rr-143,IYS2022-Shimada-4-16-Trawl-4-7,is a subset of,IYS2022-Shimada-4-15-Trawl-9
IYS2022-Shimada-4-16-Trawl,IYS2022-Shimada-4-15-Trawl-9-rr-144,IYS2022-Shimada-4-16-Trawl-4-8,is a subset of,IYS2022-Shimada-4-15-Trawl-9
IYS2022-Shimada-4-16-Trawl,IYS2022-Shimada-4-15-Trawl-9-rr-145,IYS2022-Shimada-4-16-Trawl-4-9,is a subset of,IYS2022-Shimada-4-15-Trawl-9
IYS2022-Shimada-4-16-Trawl,IYS2022-Shimada-4-15-Trawl-9-rr-146,IYS2022-Shimada-4-16-Trawl-4-10,is a subset of,IYS2022-Shimada-4-15-Trawl-9
IYS2022-Shimada-4-16-Trawl,IYS2022-Shimada-4-16-Trawl-2-rr-147,IYS2022-Shimada-4-16-Trawl-7-1,is a subset of,IYS2022-Shimada-4-16-Trawl-2
IYS2022-Shimada-4-16-Trawl,IYS2022-Shimada-4-16-Trawl-2-rr-148,IYS2022-Shimada-4-16-Trawl-7-2,is a subset of,IYS2022-Shimada-4-16-Trawl-2
IYS2022-Shimada-4-16-Trawl,IYS2022-Shimada-4-16-Trawl-2-rr-149,IYS2022-Shimada-4-16-Trawl-7-3,is a subset of,IYS2022-Shimada-4-16-Trawl-2
IYS2022-Shimada-4-16-Trawl,IYS2022-Shimada-4-16-Trawl-2-rr-150,IYS2022-Shimada-4-16-Trawl-7-4,is a subset of,IYS2022-Shimada-4-16-Trawl-2
IYS2022-Shimada-4-16-Trawl,IYS2022-Shimada-4-16-Trawl-2-rr-151,IYS2022-Shimada-4-16-Trawl-7-5,is a subset of,IYS2022-Shimada-4-16-Trawl-2
IYS2022-Shimada-4-17-Trawl,IYS2022-Shimada-4-16-Trawl-4-1-rr-152,IYS2022-Shimada-4-17-Trawl-1-1,is a subset of,IYS2022-Shimada-4-16-Trawl-4-1
IYS2022-Shimada-4-17-Trawl,IYS2022-Shimada-4-16-Trawl-4-1-rr-153,IYS2022-Shimada-4-17-Trawl-1-2,is a subset of,IYS2022-Shimada-4-16-Trawl-4-1
IYS2022-Shimada-4-17-Trawl,IYS2022-Shimada-4-16-Trawl-4-1-rr-154,IYS2022-Shimada-4-17-Trawl-1-3,is a subset of,IYS2022-Shimada-4-16-Trawl-4-1
IYS2022-Shimada-4-17-Trawl,IYS2022-Shimada-4-16-Trawl-4-1-rr-155,IYS2022-Shimada-4-17-Trawl-1-4,is a subset of,IYS2022-Shimada-4-16-Trawl-4-1
IYS2022-Shimada-4-17-Trawl,IYS2022-Shimada-4-16-Trawl-4-1-rr-156,IYS2022-Shimada-4-17-Trawl-1-5,is a subset of,IYS2022-Shimada-4-16-Trawl-4-1
IYS2022-Shimada-4-17-Trawl,IYS2022-Shimada-4-16-Trawl-4-1-rr-157,IYS2022-Shimada-4-17-Trawl-1-6,is a subset of,IYS2022-Shimada-4-16-Trawl-4-1
IYS2022-Shimada-4-17-Trawl,IYS2022-Shimada-4-16-Trawl-4-1-rr-158,IYS2022-Shimada-4-17-Trawl-1-7,is a subset of,IYS2022-Shimada-4-16-Trawl-4-1
IYS2022-Shimada-4-17-Trawl,IYS2022-Shimada-4-16-Trawl-4-1-rr-159,IYS2022-Shimada-4-17-Trawl-1-8,is a subset of,IYS2022-Shimada-4-16-Trawl-4-1
IYS2022-Shimada-4-17-Trawl,IYS2022-Shimada-4-16-Trawl-4-1-rr-160,IYS2022-Shimada-4-17-Trawl-1-9,is a subset of,IYS2022-Shimada-4-16-Trawl-4-1
IYS2022-Shimada-4-17-Trawl,IYS2022-Shimada-4-16-Trawl-4-1-rr-161,IYS2022-Shimada-4-17-Trawl-1-10,is a subset of,IYS2022-Shimada-4-16-Trawl-4-1
IYS2022-Shimada-4-17-Trawl,IYS2022-Shimada-4-16-Trawl-4-1-rr-162,IYS2022-Shimada-4-17-Trawl-1-11,is a subset of,IYS2022-Shimada-4-16-Trawl-4-1
IYS2022-Shimada-4-17-Trawl,IYS2022-Shimada-4-16-Trawl-4-1-rr-163,IYS2022-Shimada-4-17-Trawl-1-12,is a subset of,IYS2022-Shimada-4-16-Trawl-4-1
IYS2022-Shimada-4-17-Trawl,IYS2022-Shimada-4-16-Trawl-4-1-rr-164,IYS2022-Shimada-4-17-Trawl-1-13,is a subset of,IYS2022-Shimada-4-16-Trawl-4-1
IYS2022-Shimada-4-17-Trawl,IYS2022-Shimada-4-16-Trawl-4-1-rr-165,IYS2022-Shimada-4-17-Trawl-1-14,is a subset of,IYS2022-Shimada-4-16-Trawl-4-1
IYS2022-Shimada-4-17-Trawl,IYS2022-Shimada-4-16-Trawl-7-3-rr-166,IYS2022-Shimada-4-17-Trawl-3-1,is a subset of,IYS2022-Shimada-4-16-Trawl-7-3
IYS2022-Shimada-4-17-Trawl,IYS2022-Shimada-4-16-Trawl-7-3-rr-167,IYS2022-Shimada-4-17-Trawl-3-2,is a subset of,IYS2022-Shimada-4-16-Trawl-7-3
IYS2022-Shimada-4-17-Trawl,IYS2022-Shimada-4-16-Trawl-7-3-rr-168,IYS2022-Shimada-4-17-Trawl-3-3,is a subset of,IYS2022-Shimada-4-16-Trawl-7-3
IYS2022-Shimada-4-17-Trawl,IYS2022-Shimada-4-16-Trawl-7-3-rr-169,IYS2022-Shimada-4-17-Trawl-3-4,is a subset of,IYS2022-Shimada-4-16-Trawl-7-3
IYS2022-Shimada-4-17-Trawl,IYS2022-Shimada-4-17-Trawl-1-2-rr-170,IYS2022-Shimada-4-17-Trawl-4-1,is a subset of,IYS2022-Shimada-4-17-Trawl-1-2
IYS2022-Shimada-4-17-Trawl,IYS2022-Shimada-4-17-Trawl-1-4-rr-171,IYS2022-Shimada-4-17-Trawl-5-1,is a subset of,IYS2022-Shimada-4-17-Trawl-1-4
IYS2022-Shimada-4-17-Trawl,IYS2022-Shimada-4-17-Trawl-1-6-rr-172,IYS2022-Shimada-4-17-Trawl-6-1,is a subset of,IYS2022-Shimada-4-17-Trawl-1-6
IYS2022-Shimada-4-17-Trawl,IYS2022-Shimada-4-17-Trawl-1-6-rr-173,IYS2022-Shimada-4-17-Trawl-6-2,is a subset of,IYS2022-Shimada-4-17-Trawl-1-6
IYS2022-Shimada-4-17-Trawl,IYS2022-Shimada-4-17-Trawl-1-9-rr-174,IYS2022-Shimada-4-17-Trawl-7-1,is a subset of,IYS2022-Shimada-4-17-Trawl-1-9
IYS2022-Shimada-4-17-Trawl,IYS2022-Shimada-4-17-Trawl-1-9-rr-175,IYS2022-Shimada-4-17-Trawl-7-2,is a subset of,IYS2022-Shimada-4-17-Trawl-1-9
IYS2022-Shimada-4-17-Trawl,IYS2022-Shimada-4-17-Trawl-1-9-rr-176,IYS2022-Shimada-4-17-Trawl-7-3,is a subset of,IYS2022-Shimada-4-17-Trawl-1-9
IYS2022-Shimada-4-18-Trawl,IYS2022-Shimada-4-17-Trawl-1-13-rr-177,IYS2022-Shimada-4-18-Trawl-1-1,is a subset of,IYS2022-Shimada-4-17-Trawl-1-13
IYS2022-Shimada-4-18-Trawl,IYS2022-Shimada-4-17-Trawl-1-13-rr-178,IYS2022-Shimada-4-18-Trawl-1-2,is a subset of,IYS2022-Shimada-4-17-Trawl-1-13
IYS2022-Shimada-4-18-Trawl,IYS2022-Shimada-4-17-Trawl-1-13-rr-179,IYS2022-Shimada-4-18-Trawl-1-3,is a subset of,IYS2022-Shimada-4-17-Trawl-1-13
IYS2022-Shimada-4-18-Trawl,IYS2022-Shimada-4-17-Trawl-1-13-rr-180,IYS2022-Shimada-4-18-Trawl-1-4,is a subset of,IYS2022-Shimada-4-17-Trawl-1-13
IYS2022-Shimada-4-18-Trawl,IYS2022-Shimada-4-17-Trawl-1-13-rr-181,IYS2022-Shimada-4-18-Trawl-1-5,is a subset of,IYS2022-Shimada-4-17-Trawl-1-13
IYS2022-Shimada-4-18-Trawl,IYS2022-Shimada-4-17-Trawl-3-3-rr-182,IYS2022-Shimada-4-18-Trawl-2-1,is a subset of,IYS2022-Shimada-4-17-Trawl-3-3
IYS2022-Shimada-4-18-Trawl,IYS2022-Shimada-4-17-Trawl-4-rr-183,IYS2022-Shimada-4-18-Trawl-3-1,is a subset of,IYS2022-Shimada-4-17-Trawl-4
IYS2022-Shimada-4-18-Trawl,IYS2022-Shimada-4-17-Trawl-5-rr-184,IYS2022-Shimada-4-18-Trawl-4-1,is a subset of,IYS2022-Shimada-4-17-Trawl-5
IYS2022-Shimada-4-18-Trawl,IYS2022-Shimada-4-17-Trawl-6-rr-185,IYS2022-Shimada-4-18-Trawl-5-1,is a subset of,IYS2022-Shimada-4-17-Trawl-6
IYS2022-Shimada-4-18-Trawl,IYS2022-Shimada-4-17-Trawl-6-rr-186,IYS2022-Shimada-4-18-Trawl-5-2,is a subset of,IYS2022-Shimada-4-17-Trawl-6
IYS2022-Shimada-4-18-Trawl,IYS2022-Shimada-4-17-Trawl-6-rr-187,IYS2022-Shimada-4-18-Trawl-5-3,is a subset of,IYS2022-Shimada-4-17-Trawl-6
IYS2022-Shimada-4-18-Trawl,IYS2022-Shimada-4-17-Trawl-6-rr-188,IYS2022-Shimada-4-18-Trawl-5-4,is a subset of,IYS2022-Shimada-4-17-Trawl-6
IYS2022-Shimada-4-18-Trawl,IYS2022-Shimada-4-17-Trawl-6-rr-189,IYS2022-Shimada-4-18-Trawl-5-5,is a subset of,IYS2022-Shimada-4-17-Trawl-6
IYS2022-Shimada-4-18-Trawl,IYS2022-Shimada-4-17-Trawl-6-rr-190,IYS2022-Shimada-4-18-Trawl-5-6,is a subset of,IYS2022-Shimada-4-17-Trawl-6
IYS2022-Shimada-4-18-Trawl,IYS2022-Shimada-4-18-Trawl-1-rr-191,IYS2022-Shimada-4-18-Trawl-7-1,is a subset of,IYS2022-Shimada-4-18-Trawl-1
IYS2022-Shimada-4-18-Trawl,IYS2022-Shimada-4-18-Trawl-1-rr-192,IYS2022-Shimada-4-18-Trawl-7-2,is a subset of,IYS2022-Shimada-4-18-Trawl-1
IYS2022-Shimada-4-18-Trawl,IYS2022-Shimada-4-18-Trawl-1-rr-193,IYS2022-Shimada-4-18-Trawl-7-3,is a subset of,IYS2022-Shimada-4-18-Trawl-1
IYS2022-Shimada-4-18-Trawl,IYS2022-Shimada-4-18-Trawl-1-rr-194,IYS2022-Shimada-4-18-Trawl-7-4,is a subset of,IYS2022-Shimada-4-18-Trawl-1
IYS2022-Shimada-4-18-Trawl,IYS2022-Shimada-4-18-Trawl-1-rr-195,IYS2022-Shimada-4-18-Trawl-7-5,is a subset of,IYS2022-Shimada-4-18-Trawl-1
IYS2022-Shimada-4-18-Trawl,IYS2022-Shimada-4-18-Trawl-1-rr-196,IYS2022-Shimada-4-18-Trawl-7-6,is a subset of,IYS2022-Shimada-4-18-Trawl-1
IYS2022-Shimada-4-18-Trawl,IYS2022-Shimada-4-18-Trawl-2-1-rr-197,IYS2022-Shimada-4-18-Trawl-8-1,is a subset of,IYS2022-Shimada-4-18-Trawl-2-1
IYS2022-Shimada-4-18-Trawl,IYS2022-Shimada-4-18-Trawl-2-1-rr-198,IYS2022-Shimada-4-18-Trawl-8-2,is a subset of,IYS2022-Shimada-4-18-Trawl-2-1
IYS2022-Shimada-4-18-Trawl,IYS2022-Shimada-4-18-Trawl-4-rr-199,IYS2022-Shimada-4-18-Trawl-9-1,is a subset of,IYS2022-Shimada-4-18-Trawl-4
IYS2022-Shimada-4-18-Trawl,IYS2022-Shimada-4-18-Trawl-5-rr-200,IYS2022-Shimada-4-18-Trawl-11-1,is a subset of,IYS2022-Shimada-4-18-Trawl-5
IYS2022-Shimada-4-18-Trawl,IYS2022-Shimada-4-18-Trawl-5-rr-201,IYS2022-Shimada-4-18-Trawl-11-2,is a subset of,IYS2022-Shimada-4-18-Trawl-5
IYS2022-Shimada-4-18-Trawl,IYS2022-Shimada-4-18-Trawl-5-rr-202,IYS2022-Shimada-4-18-Trawl-11-3,is a subset of,IYS2022-Shimada-4-18-Trawl-5
IYS2022-Shimada-4-18-Trawl,IYS2022-Shimada-4-18-Trawl-5-rr-203,IYS2022-Shimada-4-18-Trawl-11-4,is a subset of,IYS2022-Shimada-4-18-Trawl-5
IYS2022-Shimada-4-18-Trawl,IYS2022-Shimada-4-18-Trawl-5-rr-204,IYS2022-Shimada-4-18-Trawl-11-5,is a subset of,IYS2022-Shimada-4-18-Trawl-5
IYS2022-Shimada-4-18-Trawl,IYS2022-Shimada-4-18-Trawl-5-rr-205,IYS2022-Shimada-4-18-Trawl-11-6,is a subset of,IYS2022-Shimada-4-18-Trawl-5
IYS2022-Shimada-4-18-Trawl,IYS2022-Shimada-4-18-Trawl-5-rr-206,IYS2022-Shimada-4-18-Trawl-11-7,is a subset of,IYS2022-Shimada-4-18-Trawl-5
IYS2022-Shimada-4-19-Trawl,IYS2022-Shimada-4-18-Trawl-7-rr-207,IYS2022-Shimada-4-19-Trawl-1-1,is a subset of,IYS2022-Shimada-4-18-Trawl-7
IYS2022-Shimada-4-19-Trawl,IYS2022-Shimada-4-18-Trawl-7-rr-208,IYS2022-Shimada-4-19-Trawl-1-2,is a subset of,IYS2022-Shimada-4-18-Trawl-7
IYS2022-Shimada-4-19-Trawl,IYS2022-Shimada-4-18-Trawl-7-rr-209,IYS2022-Shimada-4-19-Trawl-1-3,is a subset of,IYS2022-Shimada-4-18-Trawl-7
IYS2022-Shimada-4-19-Trawl,IYS2022-Shimada-4-18-Trawl-7-rr-210,IYS2022-Shimada-4-19-Trawl-1-4,is a subset of,IYS2022-Shimada-4-18-Trawl-7
IYS2022-Shimada-4-19-Trawl,IYS2022-Shimada-4-18-Trawl-7-rr-211,IYS2022-Shimada-4-19-Trawl-1-5,is a subset of,IYS2022-Shimada-4-18-Trawl-7
IYS2022-Shimada-4-19-Trawl,IYS2022-Shimada-4-18-Trawl-7-rr-212,IYS2022-Shimada-4-19-Trawl-1-6,is a subset of,IYS2022-Shimada-4-18-Trawl-7
IYS2022-Shimada-4-19-Trawl,IYS2022-Shimada-4-18-Trawl-8-rr-213,IYS2022-Shimada-4-19-Trawl-3-1,is a subset of,IYS2022-Shimada-4-18-Trawl-8
IYS2022-Shimada-4-19-Trawl,IYS2022-Shimada-4-18-Trawl-8-rr-214,IYS2022-Shimada-4-19-Trawl-3-2,is a subset of,IYS2022-Shimada-4-18-Trawl-8
IYS2022-Shimada-4-19-Trawl,IYS2022-Shimada-4-18-Trawl-8-rr-215,IYS2022-Shimada-4-19-Trawl-3-3,is a subset of,IYS2022-Shimada-4-18-Trawl-8
IYS2022-Shimada-4-19-Trawl,IYS2022-Shimada-4-18-Trawl-8-rr-216,IYS2022-Shimada-4-19-Trawl-3-4,is a subset of,IYS2022-Shimada-4-18-Trawl-8
IYS2022-Shimada-4-19-Trawl,IYS2022-Shimada-4-18-Trawl-8-rr-217,IYS2022-Shimada-4-19-Trawl-3-5,is a subset of,IYS2022-Shimada-4-18-Trawl-8
IYS2022-Shimada-4-19-Trawl,IYS2022-Shimada-4-18-Trawl-8-rr-218,IYS2022-Shimada-4-19-Trawl-3-6,is a subset of,IYS2022-Shimada-4-18-Trawl-8
IYS2022-Shimada-4-19-Trawl,IYS2022-Shimada-4-18-Trawl-8-rr-219,IYS2022-Shimada-4-19-Trawl-3-7,is a subset of,IYS2022-Shimada-4-18-Trawl-8
IYS2022-Shimada-4-19-Trawl,IYS2022-Shimada-4-18-Trawl-8-rr-220,IYS2022-Shimada-4-19-Trawl-3-8,is a subset of,IYS2022-Shimada-4-18-Trawl-8
IYS2022-Shimada-4-19-Trawl,IYS2022-Shimada-4-18-Trawl-11-3-rr-221,IYS2022-Shimada-4-19-Trawl-4-1,is a subset of,IYS2022-Shimada-4-18-Trawl-11-3
IYS2022-Shimada-4-19-Trawl,IYS2022-Shimada-4-18-Trawl-11-3-rr-222,IYS2022-Shimada-4-19-Trawl-4-2,is a subset of,IYS2022-Shimada-4-18-Trawl-11-3
IYS2022-Shimada-4-19-Trawl,IYS2022-Shimada-4-18-Trawl-11-3-rr-223,IYS2022-Shimada-4-19-Trawl-4-3,is a subset of,IYS2022-Shimada-4-18-Trawl-11-3
IYS2022-Shimada-4-19-Trawl,IYS2022-Shimada-4-18-Trawl-11-7-rr-224,IYS2022-Shimada-4-19-Trawl-5-1,is a subset of,IYS2022-Shimada-4-18-Trawl-11-7
IYS2022-Shimada-4-19-Trawl,IYS2022-Shimada-4-18-Trawl-11-7-rr-225,IYS2022-Shimada-4-19-Trawl-5-2,is a subset of,IYS2022-Shimada-4-18-Trawl-11-7
IYS2022-Shimada-4-19-Trawl,IYS2022-Shimada-4-18-Trawl-11-7-rr-226,IYS2022-Shimada-4-19-Trawl-5-3,is a subset of,IYS2022-Shimada-4-18-Trawl-11-7
IYS2022-Shimada-4-19-Trawl,IYS2022-Shimada-4-18-Trawl-11-7-rr-227,IYS2022-Shimada-4-19-Trawl-5-4,is a subset of,IYS2022-Shimada-4-18-Trawl-11-7
IYS2022-Shimada-4-19-Trawl,IYS2022-Shimada-4-18-Trawl-11-7-rr-228,IYS2022-Shimada-4-19-Trawl-5-5,is a subset of,IYS2022-Shimada-4-18-Trawl-11-7
IYS2022-Shimada-4-19-Trawl,IYS2022-Shimada-4-18-Trawl-11-7-rr-229,IYS2022-Shimada-4-19-Trawl-5-6,is a subset of,IYS2022-Shimada-4-18-Trawl-11-7
IYS2022-Shimada-4-19-Trawl,IYS2022-Shimada-4-18-Trawl-11-7-rr-230,IYS2022-Shimada-4-19-Trawl-5-7,is a subset of,IYS2022-Shimada-4-18-Trawl-11-7
IYS2022-Shimada-4-19-Trawl,IYS2022-Shimada-4-19-Trawl-2-rr-231,IYS2022-Shimada-4-19-Trawl-6-1,is a subset of,IYS2022-Shimada-4-19-Trawl-2
IYS2022-Shimada-4-19-Trawl,IYS2022-Shimada-4-19-Trawl-3-1-rr-232,IYS2022-Shimada-4-19-Trawl-7-1,is a subset of,IYS2022-Shimada-4-19-Trawl-3-1
IYS2022-Shimada-4-19-Trawl,IYS2022-Shimada-4-19-Trawl-3-1-rr-233,IYS2022-Shimada-4-19-Trawl-7-2,is a subset of,IYS2022-Shimada-4-19-Trawl-3-1
IYS2022-Shimada-4-19-Trawl,IYS2022-Shimada-4-19-Trawl-3-1-rr-234,IYS2022-Shimada-4-19-Trawl-7-3,is a subset of,IYS2022-Shimada-4-19-Trawl-3-1
IYS2022-Shimada-4-19-Trawl,IYS2022-Shimada-4-19-Trawl-3-1-rr-235,IYS2022-Shimada-4-19-Trawl-7-4,is a subset of,IYS2022-Shimada-4-19-Trawl-3-1
IYS2022-Shimada-4-19-Trawl,IYS2022-Shimada-4-19-Trawl-3-1-rr-236,IYS2022-Shimada-4-19-Trawl-7-5,is a subset of,IYS2022-Shimada-4-19-Trawl-3-1
IYS2022-Shimada-4-19-Trawl,IYS2022-Shimada-4-19-Trawl-3-1-rr-237,IYS2022-Shimada-4-19-Trawl-7-6,is a subset of,IYS2022-Shimada-4-19-Trawl-3-1
IYS2022-Shimada-4-19-Trawl,IYS2022-Shimada-4-19-Trawl-3-8-rr-238,IYS2022-Shimada-4-19-Trawl-9-1,is a subset of,IYS2022-Shimada-4-19-Trawl-3-8
IYS2022-Shimada-4-19-Trawl,IYS2022-Shimada-4-19-Trawl-3-8-rr-239,IYS2022-Shimada-4-19-Trawl-9-2,is a subset of,IYS2022-Shimada-4-19-Trawl-3-8
IYS2022-Shimada-4-19-Trawl,IYS2022-Shimada-4-19-Trawl-3-8-rr-240,IYS2022-Shimada-4-19-Trawl-9-3,is a subset of,IYS2022-Shimada-4-19-Trawl-3-8
IYS2022-Shimada-4-19-Trawl,IYS2022-Shimada-4-19-Trawl-3-8-rr-241,IYS2022-Shimada-4-19-Trawl-9-4,is a subset of,IYS2022-Shimada-4-19-Trawl-3-8
IYS2022-Shimada-4-20-Trawl,IYS2022-Shimada-4-19-Trawl-5-rr-242,IYS2022-Shimada-4-20-Trawl-2-1,is a subset of,IYS2022-Shimada-4-19-Trawl-5
IYS2022-Shimada-4-20-Trawl,IYS2022-Shimada-4-19-Trawl-5-2-rr-243,IYS2022-Shimada-4-20-Trawl-3-1,is a subset of,IYS2022-Shimada-4-19-Trawl-5-2
IYS2022-Shimada-4-20-Trawl,IYS2022-Shimada-4-19-Trawl-5-2-rr-244,IYS2022-Shimada-4-20-Trawl-3-2,is a subset of,IYS2022-Shimada-4-19-Trawl-5-2
IYS2022-Shimada-4-20-Trawl,IYS2022-Shimada-4-19-Trawl-5-5-rr-245,IYS2022-Shimada-4-20-Trawl-4-1,is a subset of,IYS2022-Shimada-4-19-Trawl-5-5
IYS2022-Shimada-4-20-Trawl,IYS2022-Shimada-4-19-Trawl-5-5-rr-246,IYS2022-Shimada-4-20-Trawl-4-2,is a subset of,IYS2022-Shimada-4-19-Trawl-5-5
IYS2022-Shimada-4-20-Trawl,IYS2022-Shimada-4-19-Trawl-5-5-rr-247,IYS2022-Shimada-4-20-Trawl-4-3,is a subset of,IYS2022-Shimada-4-19-Trawl-5-5
IYS2022-Shimada-4-20-Trawl,IYS2022-Shimada-4-19-Trawl-5-5-rr-248,IYS2022-Shimada-4-20-Trawl-4-4,is a subset of,IYS2022-Shimada-4-19-Trawl-5-5
IYS2022-Shimada-4-20-Trawl,IYS2022-Shimada-4-19-Trawl-5-5-rr-249,IYS2022-Shimada-4-20-Trawl-4-5,is a subset of,IYS2022-Shimada-4-19-Trawl-5-5
IYS2022-Shimada-4-20-Trawl,IYS2022-Shimada-4-19-Trawl-5-5-rr-250,IYS2022-Shimada-4-20-Trawl-4-6,is a subset of,IYS2022-Shimada-4-19-Trawl-5-5
IYS2022-Shimada-4-20-Trawl,IYS2022-Shimada-4-19-Trawl-5-5-rr-251,IYS2022-Shimada-4-20-Trawl-4-7,is a subset of,IYS2022-Shimada-4-19-Trawl-5-5
IYS2022-Shimada-4-20-Trawl,IYS2022-Shimada-4-19-Trawl-5-5-rr-252,IYS2022-Shimada-4-20-Trawl-4-8,is a subset of,IYS2022-Shimada-4-19-Trawl-5-5
IYS2022-Shimada-4-20-Trawl,IYS2022-Shimada-4-19-Trawl-5-5-rr-253,IYS2022-Shimada-4-20-Trawl-4-9,is a subset of,IYS2022-Shimada-4-19-Trawl-5-5
IYS2022-Shimada-4-20-Trawl,IYS2022-Shimada-4-19-Trawl-5-5-rr-254,IYS2022-Shimada-4-20-Trawl-4-10,is a subset of,IYS2022-Shimada-4-19-Trawl-5-5
IYS2022-Shimada-4-20-Trawl,IYS2022-Shimada-4-19-Trawl-5-5-rr-255,IYS2022-Shimada-4-20-Trawl-4-11,is a subset of,IYS2022-Shimada-4-19-Trawl-5-5
IYS2022-Shimada-4-20-Trawl,IYS2022-Shimada-4-19-Trawl-8-rr-256,IYS2022-Shimada-4-20-Trawl-6-1,is a subset of,IYS2022-Shimada-4-19-Trawl-8
IYS2022-Shimada-4-20-Trawl,IYS2022-Shimada-4-19-Trawl-9-1-rr-257,IYS2022-Shimada-4-20-Trawl-7-1,is a subset of,IYS2022-Shimada-4-19-Trawl-9-1
IYS2022-Shimada-4-21-Trawl,IYS2022-Shimada-4-19-Trawl-9-3-rr-258,IYS2022-Shimada-4-21-Trawl-3-1,is a subset of,IYS2022-Shimada-4-19-Trawl-9-3
IYS2022-Shimada-4-21-Trawl,IYS2022-Shimada-4-19-Trawl-9-3-rr-259,IYS2022-Shimada-4-21-Trawl-3-2,is a subset of,IYS2022-Shimada-4-19-Trawl-9-3
IYS2022-Shimada-4-21-Trawl,IYS2022-Shimada-4-19-Trawl-9-3-rr-260,IYS2022-Shimada-4-21-Trawl-3-3,is a subset of,IYS2022-Shimada-4-19-Trawl-9-3
IYS2022-Shimada-4-21-Trawl,IYS2022-Shimada-4-19-Trawl-9-3-rr-261,IYS2022-Shimada-4-21-Trawl-3-4,is a subset of,IYS2022-Shimada-4-19-Trawl-9-3
IYS2022-Shimada-4-21-Trawl,IYS2022-Shimada-4-19-Trawl-9-3-rr-262,IYS2022-Shimada-4-21-Trawl-3-5,is a subset of,IYS2022-Shimada-4-19-Trawl-9-3
IYS2022-Shimada-4-21-Trawl,IYS2022-Shimada-4-19-Trawl-9-3-rr-263,IYS2022-Shimada-4-21-Trawl-3-6,is a subset of,IYS2022-Shimada-4-19-Trawl-9-3
IYS2022-Shimada-4-21-Trawl,IYS2022-Shimada-4-19-Trawl-9-3-rr-264,IYS2022-Shimada-4-21-Trawl-3-7,is a subset of,IYS2022-Shimada-4-19-Trawl-9-3
IYS2022-Shimada-4-21-Trawl,IYS2022-Shimada-4-19-Trawl-9-3-rr-265,IYS2022-Shimada-4-21-Trawl-3-8,is a subset of,IYS2022-Shimada-4-19-Trawl-9-3
IYS2022-Shimada-4-21-Trawl,IYS2022-Shimada-4-19-Trawl-9-3-rr-266,IYS2022-Shimada-4-21-Trawl-3-9,is a subset of,IYS2022-Shimada-4-19-Trawl-9-3
IYS2022-Shimada-4-21-Trawl,IYS2022-Shimada-4-19-Trawl-9-3-rr-267,IYS2022-Shimada-4-21-Trawl-3-10,is a subset of,IYS2022-Shimada-4-19-Trawl-9-3
IYS2022-Shimada-4-21-Trawl,IYS2022-Shimada-4-20-Trawl-4-3-rr-268,IYS2022-Shimada-4-21-Trawl-4-1,is a subset of,IYS2022-Shimada-4-20-Trawl-4-3
IYS2022-Shimada-4-21-Trawl,IYS2022-Shimada-4-20-Trawl-4-3-rr-269,IYS2022-Shimada-4-21-Trawl-4-2,is a subset of,IYS2022-Shimada-4-20-Trawl-4-3
IYS2022-Shimada-4-21-Trawl,IYS2022-Shimada-4-20-Trawl-4-3-rr-270,IYS2022-Shimada-4-21-Trawl-4-3,is a subset of,IYS2022-Shimada-4-20-Trawl-4-3
IYS2022-Shimada-4-21-Trawl,IYS2022-Shimada-4-20-Trawl-4-3-rr-271,IYS2022-Shimada-4-21-Trawl-4-4,is a subset of,IYS2022-Shimada-4-20-Trawl-4-3
IYS2022-Shimada-4-21-Trawl,IYS2022-Shimada-4-20-Trawl-4-3-rr-272,IYS2022-Shimada-4-21-Trawl-4-5,is a subset of,IYS2022-Shimada-4-20-Trawl-4-3
IYS2022-Shimada-4-21-Trawl,IYS2022-Shimada-4-20-Trawl-4-3-rr-273,IYS2022-Shimada-4-21-Trawl-4-6,is a subset of,IYS2022-Shimada-4-20-Trawl-4-3
IYS2022-Shimada-4-21-Trawl,IYS2022-Shimada-4-20-Trawl-4-10-rr-274,IYS2022-Shimada-4-21-Trawl-5-1,is a subset of,IYS2022-Shimada-4-20-Trawl-4-10
IYS2022-Shimada-4-21-Trawl,IYS2022-Shimada-4-20-Trawl-4-10-rr-275,IYS2022-Shimada-4-21-Trawl-5-2,is a subset of,IYS2022-Shimada-4-20-Trawl-4-10
IYS2022-Shimada-4-21-Trawl,IYS2022-Shimada-4-20-Trawl-4-10-rr-276,IYS2022-Shimada-4-21-Trawl-5-3,is a subset of,IYS2022-Shimada-4-20-Trawl-4-10
IYS2022-Shimada-4-21-Trawl,IYS2022-Shimada-4-20-Trawl-4-10-rr-277,IYS2022-Shimada-4-21-Trawl-5-4,is a subset of,IYS2022-Shimada-4-20-Trawl-4-10
IYS2022-Shimada-4-21-Trawl,IYS2022-Shimada-4-20-Trawl-4-10-rr-278,IYS2022-Shimada-4-21-Trawl-5-5,is a subset of,IYS2022-Shimada-4-20-Trawl-4-10
IYS2022-Shimada-4-21-Trawl,IYS2022-Shimada-4-20-Trawl-4-10-rr-279,IYS2022-Shimada-4-21-Trawl-5-6,is a subset of,IYS2022-Shimada-4-20-Trawl-4-10
IYS2022-Shimada-4-21-Trawl,IYS2022-Shimada-4-20-Trawl-4-10-rr-280,IYS2022-Shimada-4-21-Trawl-5-7,is a subset of,IYS2022-Shimada-4-20-Trawl-4-10
IYS2022-Shimada-4-21-Trawl,IYS2022-Shimada-4-20-Trawl-4-10-rr-281,IYS2022-Shimada-4-21-Trawl-5-8,is a subset of,IYS2022-Shimada-4-20-Trawl-4-10
IYS2022-Shimada-4-21-Trawl,IYS2022-Shimada-4-21-Trawl-3-rr-282,IYS2022-Shimada-4-21-Trawl-6-1,is a subset of,IYS2022-Shimada-4-21-Trawl-3
IYS2022-Shimada-4-21-Trawl,IYS2022-Shimada-4-21-Trawl-3-rr-283,IYS2022-Shimada-4-21-Trawl-6-2,is a subset of,IYS2022-Shimada-4-21-Trawl-3
IYS2022-Shimada-4-21-Trawl,IYS2022-Shimada-4-21-Trawl-3-rr-284,IYS2022-Shimada-4-21-Trawl-6-3,is a subset of,IYS2022-Shimada-4-21-Trawl-3
IYS2022-Shimada-4-21-Trawl,IYS2022-Shimada-4-21-Trawl-3-rr-285,IYS2022-Shimada-4-21-Trawl-6-4,is a subset of,IYS2022-Shimada-4-21-Trawl-3
IYS2022-Shimada-4-21-Trawl,IYS2022-Shimada-4-21-Trawl-3-5-rr-286,IYS2022-Shimada-4-21-Trawl-8-1,is a subset of,IYS2022-Shimada-4-21-Trawl-3-5
IYS2022-Shimada-4-21-Trawl,IYS2022-Shimada-4-21-Trawl-3-7-rr-287,IYS2022-Shimada-4-21-Trawl-10-1,is a subset of,IYS2022-Shimada-4-21-Trawl-3-7
IYS2022-Shimada-4-21-Trawl,IYS2022-Shimada-4-21-Trawl-3-7-rr-288,IYS2022-Shimada-4-21-Trawl-10-2,is a subset of,IYS2022-Shimada-4-21-Trawl-3-7
IYS2022-Shimada-4-21-Trawl,IYS2022-Shimada-4-21-Trawl-3-7-rr-289,IYS2022-Shimada-4-21-Trawl-10-3,is a subset of,IYS2022-Shimada-4-21-Trawl-3-7
IYS2022-Shimada-4-21-Trawl,IYS2022-Shimada-4-21-Trawl-3-7-rr-290,IYS2022-Shimada-4-21-Trawl-10-4,is a subset of,IYS2022-Shimada-4-21-Trawl-3-7
IYS2022-Shimada-4-21-Trawl,IYS2022-Shimada-4-21-Trawl-3-7-rr-291,IYS2022-Shimada-4-21-Trawl-10-5,is a subset of,IYS2022-Shimada-4-21-Trawl-3-7
IYS2022-Shimada-4-21-Trawl,IYS2022-Shimada-4-21-Trawl-3-7-rr-292,IYS2022-Shimada-4-21-Trawl-10-6,is a subset of,IYS2022-Shimada-4-21-Trawl-3-7
IYS2022-Shimada-4-21-Trawl,IYS2022-Shimada-4-21-Trawl-3-7-rr-293,IYS2022-Shimada-4-21-Trawl-10-7,is a subset of,IYS2022-Shimada-4-21-Trawl-3-7
IYS2022-Shimada-4-22-Trawl,IYS2022-Shimada-4-21-Trawl-4-4-rr-294,IYS2022-Shimada-4-22-Trawl-1-1,is a subset of,IYS2022-Shimada-4-21-Trawl-4-4
IYS2022-Shimada-4-22-Trawl,IYS2022-Shimada-4-21-Trawl-4-6-rr-295,IYS2022-Shimada-4-22-Trawl-2-1,is a subset of,IYS2022-Shimada-4-21-Trawl-4-6
IYS2022-Shimada-4-22-Trawl,IYS2022-Shimada-4-21-Trawl-5-1-rr-296,IYS2022-Shimada-4-22-Trawl-3-1,is a subset of,IYS2022-Shimada-4-21-Trawl-5-1
IYS2022-Shimada-4-22-Trawl,IYS2022-Shimada-4-21-Trawl-5-1-rr-297,IYS2022-Shimada-4-22-Trawl-3-2,is a subset of,IYS2022-Shimada-4-21-Trawl-5-1
IYS2022-Shimada-4-22-Trawl,IYS2022-Shimada-4-21-Trawl-5-1-rr-298,IYS2022-Shimada-4-22-Trawl-3-3,is a subset of,IYS2022-Shimada-4-21-Trawl-5-1
IYS2022-Shimada-4-22-Trawl,IYS2022-Shimada-4-21-Trawl-5-1-rr-299,IYS2022-Shimada-4-22-Trawl-3-4,is a subset of,IYS2022-Shimada-4-21-Trawl-5-1
IYS2022-Shimada-4-22-Trawl,IYS2022-Shimada-4-21-Trawl-5-1-rr-300,IYS2022-Shimada-4-22-Trawl-3-5,is a subset of,IYS2022-Shimada-4-21-Trawl-5-1
IYS2022-Shimada-4-22-Trawl,IYS2022-Shimada-4-21-Trawl-5-7-rr-301,IYS2022-Shimada-4-22-Trawl-4-1,is a subset of,IYS2022-Shimada-4-21-Trawl-5-7
IYS2022-Shimada-4-22-Trawl,IYS2022-Shimada-4-21-Trawl-5-7-rr-302,IYS2022-Shimada-4-22-Trawl-4-2,is a subset of,IYS2022-Shimada-4-21-Trawl-5-7
IYS2022-Shimada-4-22-Trawl,IYS2022-Shimada-4-21-Trawl-5-7-rr-303,IYS2022-Shimada-4-22-Trawl-4-3,is a subset of,IYS2022-Shimada-4-21-Trawl-5-7
IYS2022-Shimada-4-22-Trawl,IYS2022-Shimada-4-21-Trawl-5-7-rr-304,IYS2022-Shimada-4-22-Trawl-4-4,is a subset of,IYS2022-Shimada-4-21-Trawl-5-7
IYS2022-Shimada-4-22-Trawl,IYS2022-Shimada-4-21-Trawl-5-7-rr-305,IYS2022-Shimada-4-22-Trawl-4-5,is a subset of,IYS2022-Shimada-4-21-Trawl-5-7
IYS2022-Shimada-4-22-Trawl,IYS2022-Shimada-4-21-Trawl-5-7-rr-306,IYS2022-Shimada-4-22-Trawl-4-6,is a subset of,IYS2022-Shimada-4-21-Trawl-5-7
IYS2022-Shimada-4-22-Trawl,IYS2022-Shimada-4-21-Trawl-5-7-rr-307,IYS2022-Shimada-4-22-Trawl-4-7,is a subset of,IYS2022-Shimada-4-21-Trawl-5-7
IYS2022-Shimada-4-22-Trawl,IYS2022-Shimada-4-21-Trawl-5-7-rr-308,IYS2022-Shimada-4-22-Trawl-4-8,is a subset of,IYS2022-Shimada-4-21-Trawl-5-7
IYS2022-Shimada-4-22-Trawl,IYS2022-Shimada-4-21-Trawl-5-7-rr-309,IYS2022-Shimada-4-22-Trawl-4-9,is a subset of,IYS2022-Shimada-4-21-Trawl-5-7
IYS2022-Shimada-4-22-Trawl,IYS2022-Shimada-4-21-Trawl-5-7-rr-310,IYS2022-Shimada-4-22-Trawl-4-10,is a subset of,IYS2022-Shimada-4-21-Trawl-5-7
IYS2022-Shimada-4-22-Trawl,IYS2022-Shimada-4-21-Trawl-5-7-rr-311,IYS2022-Shimada-4-22-Trawl-4-11,is a subset of,IYS2022-Shimada-4-21-Trawl-5-7
IYS2022-Shimada-4-22-Trawl,IYS2022-Shimada-4-21-Trawl-5-7-rr-312,IYS2022-Shimada-4-22-Trawl-4-12,is a subset of,IYS2022-Shimada-4-21-Trawl-5-7
IYS2022-Shimada-4-22-Trawl,IYS2022-Shimada-4-21-Trawl-5-7-rr-313,IYS2022-Shimada-4-22-Trawl-4-13,is a subset of,IYS2022-Shimada-4-21-Trawl-5-7
IYS2022-Shimada-4-22-Trawl,IYS2022-Shimada-4-21-Trawl-5-7-rr-314,IYS2022-Shimada-4-22-Trawl-4-14,is a subset of,IYS2022-Shimada-4-21-Trawl-5-7
IYS2022-Shimada-4-22-Trawl,IYS2022-Shimada-4-21-Trawl-5-7-rr-315,IYS2022-Shimada-4-22-Trawl-4-15,is a subset of,IYS2022-Shimada-4-21-Trawl-5-7
IYS2022-Shimada-4-22-Trawl,IYS2022-Shimada-4-21-Trawl-5-7-rr-316,IYS2022-Shimada-4-22-Trawl-4-16,is a subset of,IYS2022-Shimada-4-21-Trawl-5-7
IYS2022-Shimada-4-22-Trawl,IYS2022-Shimada-4-21-Trawl-5-7-rr-317,IYS2022-Shimada-4-22-Trawl-4-17,is a subset of,IYS2022-Shimada-4-21-Trawl-5-7
IYS2022-Shimada-4-22-Trawl,IYS2022-Shimada-4-21-Trawl-5-7-rr-318,IYS2022-Shimada-4-22-Trawl-4-18,is a subset of,IYS2022-Shimada-4-21-Trawl-5-7
IYS2022-Shimada-4-22-Trawl,IYS2022-Shimada-4-21-Trawl-5-7-rr-319,IYS2022-Shimada-4-22-Trawl-4-19,is a subset of,IYS2022-Shimada-4-21-Trawl-5-7
IYS2022-Shimada-4-22-Trawl,IYS2022-Shimada-4-21-Trawl-5-7-rr-320,IYS2022-Shimada-4-22-Trawl-4-20,is a subset of,IYS2022-Shimada-4-21-Trawl-5-7
IYS2022-Shimada-4-22-Trawl,IYS2022-Shimada-4-21-Trawl-5-7-rr-321,IYS2022-Shimada-4-22-Trawl-4-21,is a subset of,IYS2022-Shimada-4-21-Trawl-5-7
IYS2022-Shimada-4-22-Trawl,IYS2022-Shimada-4-21-Trawl-5-7-rr-322,IYS2022-Shimada-4-22-Trawl-4-22,is a subset of,IYS2022-Shimada-4-21-Trawl-5-7
IYS2022-Shimada-4-22-Trawl,IYS2022-Shimada-4-21-Trawl-5-7-rr-323,IYS2022-Shimada-4-22-Trawl-4-23,is a subset of,IYS2022-Shimada-4-21-Trawl-5-7
IYS2022-Shimada-4-22-Trawl,IYS2022-Shimada-4-21-Trawl-5-7-rr-324,IYS2022-Shimada-4-22-Trawl-4-24,is a subset of,IYS2022-Shimada-4-21-Trawl-5-7
IYS2022-Shimada-4-22-Trawl,IYS2022-Shimada-4-21-Trawl-5-7-rr-325,IYS2022-Shimada-4-22-Trawl-4-25,is a subset of,IYS2022-Shimada-4-21-Trawl-5-7
IYS2022-Shimada-4-22-Trawl,IYS2022-Shimada-4-21-Trawl-5-7-rr-326,IYS2022-Shimada-4-22-Trawl-4-26,is a subset of,IYS2022-Shimada-4-21-Trawl-5-7
IYS2022-Shimada-4-22-Trawl,IYS2022-Shimada-4-21-Trawl-5-7-rr-327,IYS2022-Shimada-4-22-Trawl-4-27,is a subset of,IYS2022-Shimada-4-21-Trawl-5-7
IYS2022-Shimada-4-22-Trawl,IYS2022-Shimada-4-21-Trawl-5-7-rr-328,IYS2022-Shimada-4-22-Trawl-4-28,is a subset of,IYS2022-Shimada-4-21-Trawl-5-7
IYS2022-Shimada-4-22-Trawl,IYS2022-Shimada-4-21-Trawl-5-7-rr-329,IYS2022-Shimada-4-22-Trawl-4-29,is a subset of,IYS2022-Shimada-4-21-Trawl-5-7
IYS2022-Shimada-4-22-Trawl,IYS2022-Shimada-4-22-Trawl-4-1-rr-330,IYS2022-Shimada-4-22-Trawl-5-1,is a subset of,IYS2022-Shimada-4-22-Trawl-4-1
IYS2022-Shimada-4-22-Trawl,IYS2022-Shimada-4-22-Trawl-4-1-rr-331,IYS2022-Shimada-4-22-Trawl-5-2,is a subset of,IYS2022-Shimada-4-22-Trawl-4-1
IYS2022-Shimada-4-22-Trawl,IYS2022-Shimada-4-22-Trawl-4-1-rr-332,IYS2022-Shimada-4-22-Trawl-5-3,is a subset of,IYS2022-Shimada-4-22-Trawl-4-1
IYS2022-Shimada-4-22-Trawl,IYS2022-Shimada-4-22-Trawl-4-1-rr-333,IYS2022-Shimada-4-22-Trawl-5-4,is a subset of,IYS2022-Shimada-4-22-Trawl-4-1
IYS2022-Shimada-4-22-Trawl,IYS2022-Shimada-4-22-Trawl-4-1-rr-334,IYS2022-Shimada-4-22-Trawl-5-5,is a subset of,IYS2022-Shimada-4-22-Trawl-4-1
IYS2022-Shimada-4-22-Trawl,IYS2022-Shimada-4-22-Trawl-4-1-rr-335,IYS2022-Shimada-4-22-Trawl-5-6,is a subset of,IYS2022-Shimada-4-22-Trawl-4-1
IYS2022-Shimada-4-22-Trawl,IYS2022-Shimada-4-22-Trawl-4-1-rr-336,IYS2022-Shimada-4-22-Trawl-5-7,is a subset of,IYS2022-Shimada-4-22-Trawl-4-1
IYS2022-Shimada-4-22-Trawl,IYS2022-Shimada-4-22-Trawl-4-1-rr-337,IYS2022-Shimada-4-22-Trawl-5-8,is a subset of,IYS2022-Shimada-4-22-Trawl-4-1
IYS2022-Shimada-4-22-Trawl,IYS2022-Shimada-4-22-Trawl-4-10-rr-338,IYS2022-Shimada-4-22-Trawl-6-1,is a subset of,IYS2022-Shimada-4-22-Trawl-4-10
IYS2022-Shimada-4-22-Trawl,IYS2022-Shimada-4-22-Trawl-4-10-rr-339,IYS2022-Shimada-4-22-Trawl-6-2,is a subset of,IYS2022-Shimada-4-22-Trawl-4-10
IYS2022-Shimada-4-22-Trawl,IYS2022-Shimada-4-22-Trawl-4-13-rr-340,IYS2022-Shimada-4-22-Trawl-7-1,is a subset of,IYS2022-Shimada-4-22-Trawl-4-13
IYS2022-Shimada-4-22-Trawl,IYS2022-Shimada-4-22-Trawl-4-13-rr-341,IYS2022-Shimada-4-22-Trawl-7-2,is a subset of,IYS2022-Shimada-4-22-Trawl-4-13
IYS2022-Shimada-4-22-Trawl,IYS2022-Shimada-4-22-Trawl-4-13-rr-342,IYS2022-Shimada-4-22-Trawl-7-3,is a subset of,IYS2022-Shimada-4-22-Trawl-4-13
IYS2022-Shimada-4-22-Trawl,IYS2022-Shimada-4-22-Trawl-4-13-rr-343,IYS2022-Shimada-4-22-Trawl-7-4,is a subset of,IYS2022-Shimada-4-22-Trawl-4-13
IYS2022-Shimada-4-22-Trawl,IYS2022-Shimada-4-22-Trawl-4-13-rr-344,IYS2022-Shimada-4-22-Trawl-7-5,is a subset of,IYS2022-Shimada-4-22-Trawl-4-13
IYS2022-Shimada-4-22-Trawl,IYS2022-Shimada-4-22-Trawl-4-13-rr-345,IYS2022-Shimada-4-22-Trawl-7-6,is a subset of,IYS2022-Shimada-4-22-Trawl-4-13
IYS2022-Shimada-4-22-Trawl,IYS2022-Shimada-4-22-Trawl-4-13-rr-346,IYS2022-Shimada-4-22-Trawl-7-7,is a subset of,IYS2022-Shimada-4-22-Trawl-4-13
IYS2022-Shimada-4-22-Trawl,IYS2022-Shimada-4-22-Trawl-4-13-rr-347,IYS2022-Shimada-4-22-Trawl-7-8,is a subset of,IYS2022-Shimada-4-22-Trawl-4-13
IYS2022-Shimada-4-22-Trawl,IYS2022-Shimada-4-22-Trawl-4-13-rr-348,IYS2022-Shimada-4-22-Trawl-7-9,is a subset of,IYS2022-Shimada-4-22-Trawl-4-13
IYS2022-Shimada-4-23-Trawl,IYS2022-Shimada-4-22-Trawl-4-23-rr-349,IYS2022-Shimada-4-23-Trawl-1-1,is a subset of,IYS2022-Shimada-4-22-Trawl-4-23
IYS2022-Shimada-4-23-Trawl,IYS2022-Shimada-4-22-Trawl-4-23-rr-350,IYS2022-Shimada-4-23-Trawl-1-2,is a subset of,IYS2022-Shimada-4-22-Trawl-4-23
IYS2022-Shimada-4-23-Trawl,IYS2022-Shimada-4-22-Trawl-4-23-rr-351,IYS2022-Shimada-4-23-Trawl-1-3,is a subset of,IYS2022-Shimada-4-22-Trawl-4-23
IYS2022-Shimada-4-23-Trawl,IYS2022-Shimada-4-22-Trawl-4-23-rr-352,IYS2022-Shimada-4-23-Trawl-1-4,is a subset of,IYS2022-Shimada-4-22-Trawl-4-23
IYS2022-Shimada-4-23-Trawl,IYS2022-Shimada-4-22-Trawl-4-28-rr-353,IYS2022-Shimada-4-23-Trawl-2-1,is a subset of,IYS2022-Shimada-4-22-Trawl-4-28
IYS2022-Shimada-4-23-Trawl,IYS2022-Shimada-4-22-Trawl-4-28-rr-354,IYS2022-Shimada-4-23-Trawl-2-2,is a subset of,IYS2022-Shimada-4-22-Trawl-4-28
IYS2022-Shimada-4-23-Trawl,IYS2022-Shimada-4-22-Trawl-4-28-rr-355,IYS2022-Shimada-4-23-Trawl-2-3,is a subset of,IYS2022-Shimada-4-22-Trawl-4-28
IYS2022-Shimada-4-23-Trawl,IYS2022-Shimada-4-22-Trawl-4-28-rr-356,IYS2022-Shimada-4-23-Trawl-2-4,is a subset of,IYS2022-Shimada-4-22-Trawl-4-28
IYS2022-Shimada-4-23-Trawl,IYS2022-Shimada-4-22-Trawl-4-28-rr-357,IYS2022-Shimada-4-23-Trawl-2-5,is a subset of,IYS2022-Shimada-4-22-Trawl-4-28
IYS2022-Shimada-4-23-Trawl,IYS2022-Shimada-4-22-Trawl-4-28-rr-358,IYS2022-Shimada-4-23-Trawl-2-6,is a subset of,IYS2022-Shimada-4-22-Trawl-4-28
IYS2022-Shimada-4-23-Trawl,IYS2022-Shimada-4-22-Trawl-4-28-rr-359,IYS2022-Shimada-4-23-Trawl-2-7,is a subset of,IYS2022-Shimada-4-22-Trawl-4-28
IYS2022-Shimada-4-23-Trawl,IYS2022-Shimada-4-22-Trawl-4-28-rr-360,IYS2022-Shimada-4-23-Trawl-2-8,is a subset of,IYS2022-Shimada-4-22-Trawl-4-28
IYS2022-Shimada-4-23-Trawl,IYS2022-Shimada-4-22-Trawl-4-28-rr-361,IYS2022-Shimada-4-23-Trawl-2-9,is a subset of,IYS2022-Shimada-4-22-Trawl-4-28
IYS2022-Shimada-4-23-Trawl,IYS2022-Shimada-4-22-Trawl-4-28-rr-362,IYS2022-Shimada-4-23-Trawl-2-10,is a subset of,IYS2022-Shimada-4-22-Trawl-4-28
IYS2022-Shimada-4-23-Trawl,IYS2022-Shimada-4-22-Trawl-6-rr-363,IYS2022-Shimada-4-23-Trawl-3-1,is a subset of,IYS2022-Shimada-4-22-Trawl-6
IYS2022-Shimada-4-23-Trawl,IYS2022-Shimada-4-22-Trawl-6-2-rr-364,IYS2022-Shimada-4-23-Trawl-5-1,is a subset of,IYS2022-Shimada-4-22-Trawl-6-2
IYS2022-Shimada-4-23-Trawl,IYS2022-Shimada-4-22-Trawl-6-2-rr-365,IYS2022-Shimada-4-23-Trawl-5-2,is a subset of,IYS2022-Shimada-4-22-Trawl-6-2
IYS2022-Shimada-4-23-Trawl,IYS2022-Shimada-4-22-Trawl-6-2-rr-366,IYS2022-Shimada-4-23-Trawl-5-3,is a subset of,IYS2022-Shimada-4-22-Trawl-6-2
IYS2022-Shimada-4-23-Trawl,IYS2022-Shimada-4-22-Trawl-6-2-rr-367,IYS2022-Shimada-4-23-Trawl-5-4,is a subset of,IYS2022-Shimada-4-22-Trawl-6-2
IYS2022-Shimada-4-23-Trawl,IYS2022-Shimada-4-22-Trawl-6-2-rr-368,IYS2022-Shimada-4-23-Trawl-5-5,is a subset of,IYS2022-Shimada-4-22-Trawl-6-2
IYS2022-Shimada-4-23-Trawl,IYS2022-Shimada-4-22-Trawl-6-2-rr-369,IYS2022-Shimada-4-23-Trawl-5-6,is a subset of,IYS2022-Shimada-4-22-Trawl-6-2
IYS2022-Shimada-4-23-Trawl,IYS2022-Shimada-4-22-Trawl-7-6-rr-370,IYS2022-Shimada-4-23-Trawl-6-1,is a subset of,IYS2022-Shimada-4-22-Trawl-7-6
IYS2022-Shimada-4-23-Trawl,IYS2022-Shimada-4-22-Trawl-7-6-rr-371,IYS2022-Shimada-4-23-Trawl-6-2,is a subset of,IYS2022-Shimada-4-22-Trawl-7-6
IYS2022-Shimada-4-23-Trawl,IYS2022-Shimada-4-22-Trawl-7-6-rr-372,IYS2022-Shimada-4-23-Trawl-6-3,is a subset of,IYS2022-Shimada-4-22-Trawl-7-6
IYS2022-Shimada-4-23-Trawl,IYS2022-Shimada-4-22-Trawl-7-6-rr-373,IYS2022-Shimada-4-23-Trawl-6-4,is a subset of,IYS2022-Shimada-4-22-Trawl-7-6
IYS2022-Shimada-4-24-Trawl,IYS2022-Shimada-4-23-Trawl-1-1-rr-374,IYS2022-Shimada-4-24-Trawl-1-1,is a subset of,IYS2022-Shimada-4-23-Trawl-1-1
IYS2022-Shimada-4-24-Trawl,IYS2022-Shimada-4-23-Trawl-1-1-rr-375,IYS2022-Shimada-4-24-Trawl-1-2,is a subset of,IYS2022-Shimada-4-23-Trawl-1-1
IYS2022-Shimada-4-24-Trawl,IYS2022-Shimada-4-23-Trawl-1-4-rr-376,IYS2022-Shimada-4-24-Trawl-2-1,is a subset of,IYS2022-Shimada-4-23-Trawl-1-4
IYS2022-Shimada-4-24-Trawl,IYS2022-Shimada-4-23-Trawl-1-4-rr-377,IYS2022-Shimada-4-24-Trawl-2-2,is a subset of,IYS2022-Shimada-4-23-Trawl-1-4
IYS2022-Shimada-4-24-Trawl,IYS2022-Shimada-4-23-Trawl-1-4-rr-378,IYS2022-Shimada-4-24-Trawl-2-3,is a subset of,IYS2022-Shimada-4-23-Trawl-1-4
IYS2022-Shimada-4-24-Trawl,IYS2022-Shimada-4-23-Trawl-1-4-rr-379,IYS2022-Shimada-4-24-Trawl-2-4,is a subset of,IYS2022-Shimada-4-23-Trawl-1-4
IYS2022-Shimada-4-24-Trawl,IYS2022-Shimada-4-23-Trawl-1-4-rr-380,IYS2022-Shimada-4-24-Trawl-2-5,is a subset of,IYS2022-Shimada-4-23-Trawl-1-4
IYS2022-Shimada-4-24-Trawl,IYS2022-Shimada-4-23-Trawl-1-4-rr-381,IYS2022-Shimada-4-24-Trawl-2-6,is a subset of,IYS2022-Shimada-4-23-Trawl-1-4
IYS2022-Shimada-4-24-Trawl,IYS2022-Shimada-4-23-Trawl-1-4-rr-382,IYS2022-Shimada-4-24-Trawl-2-7,is a subset of,IYS2022-Shimada-4-23-Trawl-1-4
IYS2022-Shimada-4-24-Trawl,IYS2022-Shimada-4-23-Trawl-1-4-rr-383,IYS2022-Shimada-4-24-Trawl-2-8,is a subset of,IYS2022-Shimada-4-23-Trawl-1-4
IYS2022-Shimada-4-24-Trawl,IYS2022-Shimada-4-23-Trawl-1-4-rr-384,IYS2022-Shimada-4-24-Trawl-2-9,is a subset of,IYS2022-Shimada-4-23-Trawl-1-4
IYS2022-Shimada-4-24-Trawl,IYS2022-Shimada-4-23-Trawl-1-4-rr-385,IYS2022-Shimada-4-24-Trawl-2-10,is a subset of,IYS2022-Shimada-4-23-Trawl-1-4
IYS2022-Shimada-4-24-Trawl,IYS2022-Shimada-4-23-Trawl-2-10-rr-386,IYS2022-Shimada-4-24-Trawl-4-1,is a subset of,IYS2022-Shimada-4-23-Trawl-2-10
IYS2022-Shimada-4-24-Trawl,IYS2022-Shimada-4-23-Trawl-2-10-rr-387,IYS2022-Shimada-4-24-Trawl-4-2,is a subset of,IYS2022-Shimada-4-23-Trawl-2-10
IYS2022-Shimada-4-24-Trawl,IYS2022-Shimada-4-23-Trawl-2-10-rr-388,IYS2022-Shimada-4-24-Trawl-4-3,is a subset of,IYS2022-Shimada-4-23-Trawl-2-10
IYS2022-Shimada-4-24-Trawl,IYS2022-Shimada-4-23-Trawl-2-10-rr-389,IYS2022-Shimada-4-24-Trawl-4-4,is a subset of,IYS2022-Shimada-4-23-Trawl-2-10
IYS2022-Shimada-4-24-Trawl,IYS2022-Shimada-4-23-Trawl-2-10-rr-390,IYS2022-Shimada-4-24-Trawl-4-5,is a subset of,IYS2022-Shimada-4-23-Trawl-2-10
IYS2022-Shimada-4-24-Trawl,IYS2022-Shimada-4-23-Trawl-2-10-rr-391,IYS2022-Shimada-4-24-Trawl-4-6,is a subset of,IYS2022-Shimada-4-23-Trawl-2-10
IYS2022-Shimada-4-24-Trawl,IYS2022-Shimada-4-23-Trawl-2-10-rr-392,IYS2022-Shimada-4-24-Trawl-4-7,is a subset of,IYS2022-Shimada-4-23-Trawl-2-10
IYS2022-Shimada-4-24-Trawl,IYS2022-Shimada-4-23-Trawl-2-10-rr-393,IYS2022-Shimada-4-24-Trawl-4-8,is a subset of,IYS2022-Shimada-4-23-Trawl-2-10
IYS2022-Shimada-4-24-Trawl,IYS2022-Shimada-4-23-Trawl-2-10-rr-394,IYS2022-Shimada-4-24-Trawl-4-9,is a subset of,IYS2022-Shimada-4-23-Trawl-2-10
IYS2022-Shimada-4-24-Trawl,IYS2022-Shimada-4-23-Trawl-2-10-rr-395,IYS2022-Shimada-4-24-Trawl-4-10,is a subset of,IYS2022-Shimada-4-23-Trawl-2-10
IYS2022-Shimada-4-24-Trawl,IYS2022-Shimada-4-23-Trawl-6-rr-396,IYS2022-Shimada-4-24-Trawl-5-1,is a subset of,IYS2022-Shimada-4-23-Trawl-6
IYS2022-Shimada-4-24-Trawl,IYS2022-Shimada-4-23-Trawl-6-rr-397,IYS2022-Shimada-4-24-Trawl-5-2,is a subset of,IYS2022-Shimada-4-23-Trawl-6
IYS2022-Shimada-4-24-Trawl,IYS2022-Shimada-4-23-Trawl-6-rr-398,IYS2022-Shimada-4-24-Trawl-5-3,is a subset of,IYS2022-Shimada-4-23-Trawl-6
IYS2022-Shimada-4-24-Trawl,IYS2022-Shimada-4-23-Trawl-6-rr-399,IYS2022-Shimada-4-24-Trawl-5-4,is a subset of,IYS2022-Shimada-4-23-Trawl-6
IYS2022-Shimada-4-24-Trawl,IYS2022-Shimada-4-23-Trawl-6-rr-400,IYS2022-Shimada-4-24-Trawl-5-5,is a subset of,IYS2022-Shimada-4-23-Trawl-6
IYS2022-Shimada-4-24-Trawl,IYS2022-Shimada-4-24-Trawl-1-1-rr-401,IYS2022-Shimada-4-24-Trawl-6-1,is a subset of,IYS2022-Shimada-4-24-Trawl-1-1
IYS2022-Shimada-4-24-Trawl,IYS2022-Shimada-4-24-Trawl-1-1-rr-402,IYS2022-Shimada-4-24-Trawl-6-2,is a subset of,IYS2022-Shimada-4-24-Trawl-1-1
IYS2022-Shimada-4-24-Trawl,IYS2022-Shimada-4-24-Trawl-1-1-rr-403,IYS2022-Shimada-4-24-Trawl-6-3,is a subset of,IYS2022-Shimada-4-24-Trawl-1-1
IYS2022-Shimada-4-24-Trawl,IYS2022-Shimada-4-24-Trawl-1-1-rr-404,IYS2022-Shimada-4-24-Trawl-6-4,is a subset of,IYS2022-Shimada-4-24-Trawl-1-1
IYS2022-Shimada-4-24-Trawl,IYS2022-Shimada-4-24-Trawl-1-1-rr-405,IYS2022-Shimada-4-24-Trawl-6-5,is a subset of,IYS2022-Shimada-4-24-Trawl-1-1
IYS2022-Shimada-4-24-Trawl,IYS2022-Shimada-4-24-Trawl-2-4-rr-406,IYS2022-Shimada-4-24-Trawl-7-1,is a subset of,IYS2022-Shimada-4-24-Trawl-2-4
IYS2022-Shimada-4-24-Trawl,IYS2022-Shimada-4-24-Trawl-2-6-rr-407,IYS2022-Shimada-4-24-Trawl-10-1,is a subset of,IYS2022-Shimada-4-24-Trawl-2-6
IYS2022-Shimada-4-24-Trawl,IYS2022-Shimada-4-24-Trawl-2-6-rr-408,IYS2022-Shimada-4-24-Trawl-10-2,is a subset of,IYS2022-Shimada-4-24-Trawl-2-6
IYS2022-Shimada-4-24-Trawl,IYS2022-Shimada-4-24-Trawl-2-6-rr-409,IYS2022-Shimada-4-24-Trawl-10-3,is a subset of,IYS2022-Shimada-4-24-Trawl-2-6
IYS2022-Shimada-4-24-Trawl,IYS2022-Shimada-4-24-Trawl-2-6-rr-410,IYS2022-Shimada-4-24-Trawl-10-4,is a subset of,IYS2022-Shimada-4-24-Trawl-2-6
IYS2022-Shimada-4-24-Trawl,IYS2022-Shimada-4-24-Trawl-2-6-rr-411,IYS2022-Shimada-4-24-Trawl-10-5,is a subset of,IYS2022-Shimada-4-24-Trawl-2-6
IYS2022-Shimada-4-24-Trawl,IYS2022-Shimada-4-24-Trawl-4-rr-412,IYS2022-Shimada-4-24-Trawl-11-1,is a subset of,IYS2022-Shimada-4-24-Trawl-4
IYS2022-Shimada-4-24-Trawl,IYS2022-Shimada-4-24-Trawl-4-2-rr-413,IYS2022-Shimada-4-24-Trawl-12-1,is a subset of,IYS2022-Shimada-4-24-Trawl-4-2
IYS2022-Shimada-4-24-Trawl,IYS2022-Shimada-4-24-Trawl-4-2-rr-414,IYS2022-Shimada-4-24-Trawl-12-2,is a subset of,IYS2022-Shimada-4-24-Trawl-4-2
IYS2022-Shimada-4-24-Trawl,IYS2022-Shimada-4-24-Trawl-4-2-rr-415,IYS2022-Shimada-4-24-Trawl-12-3,is a subset of,IYS2022-Shimada-4-24-Trawl-4-2
IYS2022-Shimada-4-24-Trawl,IYS2022-Shimada-4-24-Trawl-4-2-rr-416,IYS2022-Shimada-4-24-Trawl-12-4,is a subset of,IYS2022-Shimada-4-24-Trawl-4-2
IYS2022-Shimada-4-24-Trawl,IYS2022-Shimada-4-24-Trawl-4-2-rr-417,IYS2022-Shimada-4-24-Trawl-12-5,is a subset of,IYS2022-Shimada-4-24-Trawl-4-2
IYS2022-Shimada-4-24-Trawl,IYS2022-Shimada-4-24-Trawl-4-2-rr-418,IYS2022-Shimada-4-24-Trawl-12-6,is a subset of,IYS2022-Shimada-4-24-Trawl-4-2
IYS2022-Shimada-4-24-Trawl,IYS2022-Shimada-4-24-Trawl-4-2-rr-419,IYS2022-Shimada-4-24-Trawl-12-7,is a subset of,IYS2022-Shimada-4-24-Trawl-4-2
IYS2022-Shimada-4-24-Trawl,IYS2022-Shimada-4-24-Trawl-4-2-rr-420,IYS2022-Shimada-4-24-Trawl-12-8,is a subset of,IYS2022-Shimada-4-24-Trawl-4-2
IYS2022-Shimada-4-24-Trawl,IYS2022-Shimada-4-24-Trawl-4-2-rr-421,IYS2022-Shimada-4-24-Trawl-12-9,is a subset of,IYS2022-Shimada-4-24-Trawl-4-2
IYS2022-Shimada-4-24-Trawl,IYS2022-Shimada-4-24-Trawl-4-2-rr-422,IYS2022-Shimada-4-24-Trawl-12-10,is a subset of,IYS2022-Shimada-4-24-Trawl-4-2
IYS2022-Shimada-4-25-Trawl,IYS2022-Shimada-4-24-Trawl-5-2-rr-423,IYS2022-Shimada-4-25-Trawl-4-1,is a subset of,IYS2022-Shimada-4-24-Trawl-5-2
IYS2022-Shimada-4-25-Trawl,IYS2022-Shimada-4-24-Trawl-5-2-rr-424,IYS2022-Shimada-4-25-Trawl-4-2,is a subset of,IYS2022-Shimada-4-24-Trawl-5-2
IYS2022-Shimada-4-25-Trawl,IYS2022-Shimada-4-24-Trawl-5-2-rr-425,IYS2022-Shimada-4-25-Trawl-4-3,is a subset of,IYS2022-Shimada-4-24-Trawl-5-2
IYS2022-Shimada-4-25-Trawl,IYS2022-Shimada-4-24-Trawl-5-2-rr-426,IYS2022-Shimada-4-25-Trawl-4-4,is a subset of,IYS2022-Shimada-4-24-Trawl-5-2
IYS2022-Shimada-4-25-Trawl,IYS2022-Shimada-4-24-Trawl-5-2-rr-427,IYS2022-Shimada-4-25-Trawl-4-5,is a subset of,IYS2022-Shimada-4-24-Trawl-5-2
IYS2022-Shimada-4-25-Trawl,IYS2022-Shimada-4-24-Trawl-5-2-rr-428,IYS2022-Shimada-4-25-Trawl-4-6,is a subset of,IYS2022-Shimada-4-24-Trawl-5-2
IYS2022-Shimada-4-25-Trawl,IYS2022-Shimada-4-24-Trawl-5-2-rr-429,IYS2022-Shimada-4-25-Trawl-4-7,is a subset of,IYS2022-Shimada-4-24-Trawl-5-2
IYS2022-Shimada-4-25-Trawl,IYS2022-Shimada-4-24-Trawl-6-4-rr-430,IYS2022-Shimada-4-25-Trawl-5-1,is a subset of,IYS2022-Shimada-4-24-Trawl-6-4
IYS2022-Shimada-4-25-Trawl,IYS2022-Shimada-4-24-Trawl-7-rr-431,IYS2022-Shimada-4-25-Trawl-6-1,is a subset of,IYS2022-Shimada-4-24-Trawl-7
IYS2022-Shimada-4-25-Trawl,IYS2022-Shimada-4-24-Trawl-8-rr-432,IYS2022-Shimada-4-25-Trawl-7-1,is a subset of,IYS2022-Shimada-4-24-Trawl-8
IYS2022-Shimada-4-25-Trawl,IYS2022-Shimada-4-24-Trawl-8-rr-433,IYS2022-Shimada-4-25-Trawl-7-2,is a subset of,IYS2022-Shimada-4-24-Trawl-8
IYS2022-Shimada-4-25-Trawl,IYS2022-Shimada-4-24-Trawl-8-rr-434,IYS2022-Shimada-4-25-Trawl-7-3,is a subset of,IYS2022-Shimada-4-24-Trawl-8
IYS2022-Shimada-4-25-Trawl,IYS2022-Shimada-4-24-Trawl-8-rr-435,IYS2022-Shimada-4-25-Trawl-7-4,is a subset of,IYS2022-Shimada-4-24-Trawl-8
IYS2022-Shimada-4-25-Trawl,IYS2022-Shimada-4-24-Trawl-8-rr-436,IYS2022-Shimada-4-25-Trawl-7-5,is a subset of,IYS2022-Shimada-4-24-Trawl-8
IYS2022-Shimada-4-25-Trawl,IYS2022-Shimada-4-24-Trawl-8-rr-437,IYS2022-Shimada-4-25-Trawl-7-6,is a subset of,IYS2022-Shimada-4-24-Trawl-8
IYS2022-Shimada-4-25-Trawl,IYS2022-Shimada-4-24-Trawl-8-rr-438,IYS2022-Shimada-4-25-Trawl-7-7,is a subset of,IYS2022-Shimada-4-24-Trawl-8
IYS2022-Shimada-4-25-Trawl,IYS2022-Shimada-4-24-Trawl-8-rr-439,IYS2022-Shimada-4-25-Trawl-7-8,is a subset of,IYS2022-Shimada-4-24-Trawl-8
IYS2022-Shimada-4-25-Trawl,IYS2022-Shimada-4-24-Trawl-11-1-rr-440,IYS2022-Shimada-4-25-Trawl-8-1,is a subset of,IYS2022-Shimada-4-24-Trawl-11-1
IYS2022-Shimada-4-25-Trawl,IYS2022-Shimada-4-24-Trawl-11-1-rr-441,IYS2022-Shimada-4-25-Trawl-8-2,is a subset of,IYS2022-Shimada-4-24-Trawl-11-1
IYS2022-Shimada-4-26-Trawl,IYS2022-Shimada-4-24-Trawl-12-2-rr-442,IYS2022-Shimada-4-26-Trawl-3-1,is a subset of,IYS2022-Shimada-4-24-Trawl-12-2
IYS2022-Shimada-4-26-Trawl,IYS2022-Shimada-4-24-Trawl-12-2-rr-443,IYS2022-Shimada-4-26-Trawl-3-2,is a subset of,IYS2022-Shimada-4-24-Trawl-12-2
IYS2022-Shimada-4-26-Trawl,IYS2022-Shimada-4-24-Trawl-12-2-rr-444,IYS2022-Shimada-4-26-Trawl-3-3,is a subset of,IYS2022-Shimada-4-24-Trawl-12-2
IYS2022-Shimada-4-26-Trawl,IYS2022-Shimada-4-24-Trawl-12-2-rr-445,IYS2022-Shimada-4-26-Trawl-3-4,is a subset of,IYS2022-Shimada-4-24-Trawl-12-2
IYS2022-Shimada-4-26-Trawl,IYS2022-Shimada-4-24-Trawl-12-2-rr-446,IYS2022-Shimada-4-26-Trawl-3-5,is a subset of,IYS2022-Shimada-4-24-Trawl-12-2
IYS2022-Shimada-4-26-Trawl,IYS2022-Shimada-4-24-Trawl-12-2-rr-447,IYS2022-Shimada-4-26-Trawl-3-6,is a subset of,IYS2022-Shimada-4-24-Trawl-12-2
IYS2022-Shimada-4-26-Trawl,IYS2022-Shimada-4-24-Trawl-12-2-rr-448,IYS2022-Shimada-4-26-Trawl-3-7,is a subset of,IYS2022-Shimada-4-24-Trawl-12-2
IYS2022-Shimada-4-26-Trawl,IYS2022-Shimada-4-24-Trawl-12-2-rr-449,IYS2022-Shimada-4-26-Trawl-3-8,is a subset of,IYS2022-Shimada-4-24-Trawl-12-2
IYS2022-Shimada-4-26-Trawl,IYS2022-Shimada-4-24-Trawl-12-2-rr-450,IYS2022-Shimada-4-26-Trawl-3-9,is a subset of,IYS2022-Shimada-4-24-Trawl-12-2
IYS2022-Shimada-4-26-Trawl,IYS2022-Shimada-4-24-Trawl-12-2-rr-451,IYS2022-Shimada-4-26-Trawl-3-10,is a subset of,IYS2022-Shimada-4-24-Trawl-12-2
IYS2022-Shimada-4-26-Trawl,IYS2022-Shimada-4-25-Trawl-3-rr-452,IYS2022-Shimada-4-26-Trawl-4-1,is a subset of,IYS2022-Shimada-4-25-Trawl-3
IYS2022-Shimada-4-26-Trawl,IYS2022-Shimada-4-25-Trawl-3-rr-453,IYS2022-Shimada-4-26-Trawl-4-2,is a subset of,IYS2022-Shimada-4-25-Trawl-3
IYS2022-Shimada-4-26-Trawl,IYS2022-Shimada-4-25-Trawl-3-rr-454,IYS2022-Shimada-4-26-Trawl-4-3,is a subset of,IYS2022-Shimada-4-25-Trawl-3
IYS2022-Shimada-4-26-Trawl,IYS2022-Shimada-4-25-Trawl-3-rr-455,IYS2022-Shimada-4-26-Trawl-4-4,is a subset of,IYS2022-Shimada-4-25-Trawl-3
IYS2022-Shimada-4-26-Trawl,IYS2022-Shimada-4-25-Trawl-3-rr-456,IYS2022-Shimada-4-26-Trawl-4-5,is a subset of,IYS2022-Shimada-4-25-Trawl-3
IYS2022-Shimada-4-26-Trawl,IYS2022-Shimada-4-25-Trawl-3-rr-457,IYS2022-Shimada-4-26-Trawl-4-6,is a subset of,IYS2022-Shimada-4-25-Trawl-3
IYS2022-Shimada-4-26-Trawl,IYS2022-Shimada-4-25-Trawl-3-rr-458,IYS2022-Shimada-4-26-Trawl-4-7,is a subset of,IYS2022-Shimada-4-25-Trawl-3
IYS2022-Shimada-4-26-Trawl,IYS2022-Shimada-4-25-Trawl-3-rr-459,IYS2022-Shimada-4-26-Trawl-4-8,is a subset of,IYS2022-Shimada-4-25-Trawl-3
IYS2022-Shimada-4-26-Trawl,IYS2022-Shimada-4-25-Trawl-3-rr-460,IYS2022-Shimada-4-26-Trawl-4-9,is a subset of,IYS2022-Shimada-4-25-Trawl-3
IYS2022-Shimada-4-26-Trawl,IYS2022-Shimada-4-25-Trawl-3-rr-461,IYS2022-Shimada-4-26-Trawl-4-10,is a subset of,IYS2022-Shimada-4-25-Trawl-3
IYS2022-Shimada-4-26-Trawl,IYS2022-Shimada-4-25-Trawl-6-rr-462,IYS2022-Shimada-4-26-Trawl-5-1,is a subset of,IYS2022-Shimada-4-25-Trawl-6
IYS2022-Shimada-4-26-Trawl,IYS2022-Shimada-4-25-Trawl-6-rr-463,IYS2022-Shimada-4-26-Trawl-5-2,is a subset of,IYS2022-Shimada-4-25-Trawl-6
IYS2022-Shimada-4-26-Trawl,IYS2022-Shimada-4-25-Trawl-6-rr-464,IYS2022-Shimada-4-26-Trawl-5-3,is a subset of,IYS2022-Shimada-4-25-Trawl-6
IYS2022-Shimada-4-26-Trawl,IYS2022-Shimada-4-25-Trawl-6-rr-465,IYS2022-Shimada-4-26-Trawl-5-4,is a subset of,IYS2022-Shimada-4-25-Trawl-6
IYS2022-Shimada-4-26-Trawl,IYS2022-Shimada-4-25-Trawl-6-rr-466,IYS2022-Shimada-4-26-Trawl-5-5,is a subset of,IYS2022-Shimada-4-25-Trawl-6
IYS2022-Shimada-4-26-Trawl,IYS2022-Shimada-4-25-Trawl-6-rr-467,IYS2022-Shimada-4-26-Trawl-5-6,is a subset of,IYS2022-Shimada-4-25-Trawl-6
IYS2022-Shimada-4-26-Trawl,IYS2022-Shimada-4-25-Trawl-6-rr-468,IYS2022-Shimada-4-26-Trawl-5-7,is a subset of,IYS2022-Shimada-4-25-Trawl-6
IYS2022-Shimada-4-26-Trawl,IYS2022-Shimada-4-25-Trawl-6-rr-469,IYS2022-Shimada-4-26-Trawl-5-8,is a subset of,IYS2022-Shimada-4-25-Trawl-6
IYS2022-Shimada-4-26-Trawl,IYS2022-Shimada-4-25-Trawl-6-rr-470,IYS2022-Shimada-4-26-Trawl-5-9,is a subset of,IYS2022-Shimada-4-25-Trawl-6
IYS2022-Shimada-4-26-Trawl,IYS2022-Shimada-4-25-Trawl-6-rr-471,IYS2022-Shimada-4-26-Trawl-5-10,is a subset of,IYS2022-Shimada-4-25-Trawl-6
IYS2022-Shimada-4-26-Trawl,IYS2022-Shimada-4-25-Trawl-8-rr-472,IYS2022-Shimada-4-26-Trawl-6-1,is a subset of,IYS2022-Shimada-4-25-Trawl-8
IYS2022-Shimada-4-26-Trawl,IYS2022-Shimada-4-25-Trawl-8-rr-473,IYS2022-Shimada-4-26-Trawl-6-2,is a subset of,IYS2022-Shimada-4-25-Trawl-8
IYS2022-Shimada-4-26-Trawl,IYS2022-Shimada-4-25-Trawl-8-rr-474,IYS2022-Shimada-4-26-Trawl-6-3,is a subset of,IYS2022-Shimada-4-25-Trawl-8
IYS2022-Shimada-4-26-Trawl,IYS2022-Shimada-4-25-Trawl-8-rr-475,IYS2022-Shimada-4-26-Trawl-6-4,is a subset of,IYS2022-Shimada-4-25-Trawl-8
IYS2022-Shimada-4-26-Trawl,IYS2022-Shimada-4-25-Trawl-8-rr-476,IYS2022-Shimada-4-26-Trawl-6-5,is a subset of,IYS2022-Shimada-4-25-Trawl-8
IYS2022-Shimada-4-26-Trawl,IYS2022-Shimada-4-25-Trawl-8-rr-477,IYS2022-Shimada-4-26-Trawl-6-6,is a subset of,IYS2022-Shimada-4-25-Trawl-8
IYS2022-Shimada-4-26-Trawl,IYS2022-Shimada-4-25-Trawl-8-rr-478,IYS2022-Shimada-4-26-Trawl-6-7,is a subset of,IYS2022-Shimada-4-25-Trawl-8
IYS2022-Shimada-4-26-Trawl,IYS2022-Shimada-4-25-Trawl-8-rr-479,IYS2022-Shimada-4-26-Trawl-6-8,is a subset of,IYS2022-Shimada-4-25-Trawl-8
IYS2022-Shimada-4-26-Trawl,IYS2022-Shimada-4-25-Trawl-8-rr-480,IYS2022-Shimada-4-26-Trawl-6-9,is a subset of,IYS2022-Shimada-4-25-Trawl-8
IYS2022-Shimada-4-26-Trawl,IYS2022-Shimada-4-25-Trawl-8-rr-481,IYS2022-Shimada-4-26-Trawl-6-10,is a subset of,IYS2022-Shimada-4-25-Trawl-8
IYS2022-Shimada-4-26-Trawl,IYS2022-Shimada-4-26-Trawl-3-6-rr-482,IYS2022-Shimada-4-26-Trawl-7-1,is a subset of,IYS2022-Shimada-4-26-Trawl-3-6
IYS2022-Shimada-4-26-Trawl,IYS2022-Shimada-4-26-Trawl-3-8-rr-483,IYS2022-Shimada-4-26-Trawl-8-1,is a subset of,IYS2022-Shimada-4-26-Trawl-3-8
IYS2022-Shimada-4-26-Trawl,IYS2022-Shimada-4-26-Trawl-3-8-rr-484,IYS2022-Shimada-4-26-Trawl-8-2,is a subset of,IYS2022-Shimada-4-26-Trawl-3-8
IYS2022-Shimada-4-26-Trawl,IYS2022-Shimada-4-26-Trawl-4-rr-485,IYS2022-Shimada-4-26-Trawl-9-1,is a subset of,IYS2022-Shimada-4-26-Trawl-4
IYS2022-Shimada-4-26-Trawl,IYS2022-Shimada-4-26-Trawl-4-rr-486,IYS2022-Shimada-4-26-Trawl-9-2,is a subset of,IYS2022-Shimada-4-26-Trawl-4
IYS2022-Shimada-4-26-Trawl,IYS2022-Shimada-4-26-Trawl-4-rr-487,IYS2022-Shimada-4-26-Trawl-9-3,is a subset of,IYS2022-Shimada-4-26-Trawl-4
IYS2022-Shimada-4-26-Trawl,IYS2022-Shimada-4-26-Trawl-4-rr-488,IYS2022-Shimada-4-26-Trawl-9-4,is a subset of,IYS2022-Shimada-4-26-Trawl-4
IYS2022-Shimada-4-26-Trawl,IYS2022-Shimada-4-26-Trawl-4-rr-489,IYS2022-Shimada-4-26-Trawl-9-5,is a subset of,IYS2022-Shimada-4-26-Trawl-4
IYS2022-Shimada-4-26-Trawl,IYS2022-Shimada-4-26-Trawl-4-6-rr-490,IYS2022-Shimada-4-26-Trawl-10-1,is a subset of,IYS2022-Shimada-4-26-Trawl-4-6
IYS2022-Shimada-4-26-Trawl,IYS2022-Shimada-4-26-Trawl-4-6-rr-491,IYS2022-Shimada-4-26-Trawl-10-2,is a subset of,IYS2022-Shimada-4-26-Trawl-4-6
IYS2022-Shimada-4-26-Trawl,IYS2022-Shimada-4-26-Trawl-4-6-rr-492,IYS2022-Shimada-4-26-Trawl-10-3,is a subset of,IYS2022-Shimada-4-26-Trawl-4-6
IYS2022-Shimada-4-26-Trawl,IYS2022-Shimada-4-26-Trawl-4-6-rr-493,IYS2022-Shimada-4-26-Trawl-10-4,is a subset of,IYS2022-Shimada-4-26-Trawl-4-6
IYS2022-Shimada-4-26-Trawl,IYS2022-Shimada-4-26-Trawl-4-6-rr-494,IYS2022-Shimada-4-26-Trawl-10-5,is a subset of,IYS2022-Shimada-4-26-Trawl-4-6
IYS2022-Shimada-4-26-Trawl,IYS2022-Shimada-4-26-Trawl-4-6-rr-495,IYS2022-Shimada-4-26-Trawl-10-6,is a subset of,IYS2022-Shimada-4-26-Trawl-4-6
IYS2022-Shimada-4-26-Trawl,IYS2022-Shimada-4-26-Trawl-4-6-rr-496,IYS2022-Shimada-4-26-Trawl-10-7,is a subset of,IYS2022-Shimada-4-26-Trawl-4-6
IYS2022-Shimada-4-26-Trawl,IYS2022-Shimada-4-26-Trawl-4-6-rr-497,IYS2022-Shimada-4-26-Trawl-10-8,is a subset of,IYS2022-Shimada-4-26-Trawl-4-6
IYS2022-Shimada-4-26-Trawl,IYS2022-Shimada-4-26-Trawl-4-6-rr-498,IYS2022-Shimada-4-26-Trawl-10-9,is a subset of,IYS2022-Shimada-4-26-Trawl-4-6
IYS2022-Shimada-4-26-Trawl,IYS2022-Shimada-4-26-Trawl-4-6-rr-499,IYS2022-Shimada-4-26-Trawl-10-10,is a subset of,IYS2022-Shimada-4-26-Trawl-4-6
IYS2022-Shimada-4-26-Trawl,IYS2022-Shimada-4-26-Trawl-5-6-rr-500,IYS2022-Shimada-4-26-Trawl-11-1,is a subset of,IYS2022-Shimada-4-26-Trawl-5-6
IYS2022-Shimada-4-26-Trawl,IYS2022-Shimada-4-26-Trawl-5-6-rr-501,IYS2022-Shimada-4-26-Trawl-11-2,is a subset of,IYS2022-Shimada-4-26-Trawl-5-6
IYS2022-Shimada-4-27-Trawl,IYS2022-Shimada-4-26-Trawl-5-9-rr-502,IYS2022-Shimada-4-27-Trawl-2-1,is a subset of,IYS2022-Shimada-4-26-Trawl-5-9
IYS2022-Shimada-4-27-Trawl,IYS2022-Shimada-4-26-Trawl-5-9-rr-503,IYS2022-Shimada-4-27-Trawl-2-2,is a subset of,IYS2022-Shimada-4-26-Trawl-5-9
IYS2022-Shimada-4-27-Trawl,IYS2022-Shimada-4-26-Trawl-5-9-rr-504,IYS2022-Shimada-4-27-Trawl-2-3,is a subset of,IYS2022-Shimada-4-26-Trawl-5-9
IYS2022-Shimada-4-27-Trawl,IYS2022-Shimada-4-26-Trawl-5-9-rr-505,IYS2022-Shimada-4-27-Trawl-2-4,is a subset of,IYS2022-Shimada-4-26-Trawl-5-9
IYS2022-Shimada-4-27-Trawl,IYS2022-Shimada-4-26-Trawl-5-9-rr-506,IYS2022-Shimada-4-27-Trawl-2-5,is a subset of,IYS2022-Shimada-4-26-Trawl-5-9
IYS2022-Shimada-4-27-Trawl,IYS2022-Shimada-4-26-Trawl-5-9-rr-507,IYS2022-Shimada-4-27-Trawl-2-6,is a subset of,IYS2022-Shimada-4-26-Trawl-5-9
IYS2022-Shimada-4-27-Trawl,IYS2022-Shimada-4-26-Trawl-5-9-rr-508,IYS2022-Shimada-4-27-Trawl-2-7,is a subset of,IYS2022-Shimada-4-26-Trawl-5-9
IYS2022-Shimada-4-27-Trawl,IYS2022-Shimada-4-26-Trawl-5-9-rr-509,IYS2022-Shimada-4-27-Trawl-2-8,is a subset of,IYS2022-Shimada-4-26-Trawl-5-9
IYS2022-Shimada-4-27-Trawl,IYS2022-Shimada-4-26-Trawl-5-9-rr-510,IYS2022-Shimada-4-27-Trawl-2-9,is a subset of,IYS2022-Shimada-4-26-Trawl-5-9
IYS2022-Shimada-4-27-Trawl,IYS2022-Shimada-4-26-Trawl-5-9-rr-511,IYS2022-Shimada-4-27-Trawl-2-10,is a subset of,IYS2022-Shimada-4-26-Trawl-5-9
IYS2022-Shimada-4-27-Trawl,IYS2022-Shimada-4-26-Trawl-6-9-rr-512,IYS2022-Shimada-4-27-Trawl-4-1,is a subset of,IYS2022-Shimada-4-26-Trawl-6-9
IYS2022-Shimada-4-27-Trawl,IYS2022-Shimada-4-26-Trawl-6-9-rr-513,IYS2022-Shimada-4-27-Trawl-4-2,is a subset of,IYS2022-Shimada-4-26-Trawl-6-9
IYS2022-Shimada-4-27-Trawl,IYS2022-Shimada-4-26-Trawl-7-1-rr-514,IYS2022-Shimada-4-27-Trawl-5-1,is a subset of,IYS2022-Shimada-4-26-Trawl-7-1
IYS2022-Shimada-4-27-Trawl,IYS2022-Shimada-4-26-Trawl-7-1-rr-515,IYS2022-Shimada-4-27-Trawl-5-2,is a subset of,IYS2022-Shimada-4-26-Trawl-7-1
IYS2022-Shimada-4-27-Trawl,IYS2022-Shimada-4-26-Trawl-7-1-rr-516,IYS2022-Shimada-4-27-Trawl-5-3,is a subset of,IYS2022-Shimada-4-26-Trawl-7-1
IYS2022-Shimada-4-27-Trawl,IYS2022-Shimada-4-26-Trawl-7-1-rr-517,IYS2022-Shimada-4-27-Trawl-5-4,is a subset of,IYS2022-Shimada-4-26-Trawl-7-1
IYS2022-Shimada-4-27-Trawl,IYS2022-Shimada-4-26-Trawl-7-1-rr-518,IYS2022-Shimada-4-27-Trawl-5-5,is a subset of,IYS2022-Shimada-4-26-Trawl-7-1
IYS2022-Shimada-4-27-Trawl,IYS2022-Shimada-4-26-Trawl-7-1-rr-519,IYS2022-Shimada-4-27-Trawl-5-6,is a subset of,IYS2022-Shimada-4-26-Trawl-7-1
IYS2022-Shimada-4-27-Trawl,IYS2022-Shimada-4-26-Trawl-7-1-rr-520,IYS2022-Shimada-4-27-Trawl-5-7,is a subset of,IYS2022-Shimada-4-26-Trawl-7-1
IYS2022-Shimada-4-27-Trawl,IYS2022-Shimada-4-26-Trawl-7-1-rr-521,IYS2022-Shimada-4-27-Trawl-5-8,is a subset of,IYS2022-Shimada-4-26-Trawl-7-1
IYS2022-Shimada-4-27-Trawl,IYS2022-Shimada-4-26-Trawl-7-1-rr-522,IYS2022-Shimada-4-27-Trawl-5-9,is a subset of,IYS2022-Shimada-4-26-Trawl-7-1
IYS2022-Shimada-4-27-Trawl,IYS2022-Shimada-4-26-Trawl-7-1-rr-523,IYS2022-Shimada-4-27-Trawl-5-10,is a subset of,IYS2022-Shimada-4-26-Trawl-7-1
IYS2022-Shimada-4-27-Trawl,IYS2022-Shimada-4-26-Trawl-10-1-rr-524,IYS2022-Shimada-4-27-Trawl-6-1,is a subset of,IYS2022-Shimada-4-26-Trawl-10-1
IYS2022-Shimada-4-28-Trawl,IYS2022-Shimada-4-26-Trawl-10-3-rr-525,IYS2022-Shimada-4-28-Trawl-1-1,is a subset of,IYS2022-Shimada-4-26-Trawl-10-3
IYS2022-Shimada-4-28-Trawl,IYS2022-Shimada-4-26-Trawl-10-5-rr-526,IYS2022-Shimada-4-28-Trawl-2-1,is a subset of,IYS2022-Shimada-4-26-Trawl-10-5
